session,run,video_path,order
1,1,C:\Users\Public\Videos\Practice\0001.mp4,1
1,1,C:\Users\Public\Videos\Practice\0002.mp4,2
1,1,C:\Users\Public\Videos\Practice\0003.mp4,3
1,2,C:\Users\Public\Videos\videos\2017.mp4,1
1,2,C:\Users\Public\Videos\videos\0247.mp4,2
1,2,C:\Users\Public\Videos\videos\0540.mp4,3
1,2,C:\Users\Public\Videos\videos\1162.mp4,4
1,2,C:\Users\Public\Videos\videos\0946.mp4,5
1,2,C:\Users\Public\Videos\videos\0395.mp4,6
1,2,C:\Users\Public\Videos\videos\0677.mp4,7
1,2,C:\Users\Public\Videos\videos\0840.mp4,8
1,2,C:\Users\Public\Videos\videos\1693.mp4,9
1,2,C:\Users\Public\Videos\videos\0131.mp4,10
1,2,C:\Users\Public\Videos\videos\1075.mp4,11
1,2,C:\Users\Public\Videos\videos\1068.mp4,12
1,2,C:\Users\Public\Videos\videos\0582.mp4,13
1,2,C:\Users\Public\Videos\videos\0500.mp4,14
1,2,C:\Users\Public\Videos\videos\0265.mp4,15
1,2,C:\Users\Public\Videos\videos\2024.mp4,16
1,2,C:\Users\Public\Videos\videos\0349.mp4,17
1,2,C:\Users\Public\Videos\videos\0895.mp4,18
1,2,C:\Users\Public\Videos\videos\0636.mp4,19
1,2,C:\Users\Public\Videos\videos\0569.mp4,20
1,2,C:\Users\Public\Videos\videos\0846.mp4,21
1,2,C:\Users\Public\Videos\videos\0139.mp4,22
1,2,C:\Users\Public\Videos\videos\1894.mp4,23
1,2,C:\Users\Public\Videos\videos\1286.mp4,24
1,2,C:\Users\Public\Videos\videos\0046.mp4,25
1,2,C:\Users\Public\Videos\videos\1601.mp4,26
1,2,C:\Users\Public\Videos\videos\0229.mp4,27
1,2,C:\Users\Public\Videos\videos\0615.mp4,28
1,2,C:\Users\Public\Videos\videos\1500.mp4,29
1,2,C:\Users\Public\Videos\videos\1267.mp4,30
1,2,C:\Users\Public\Videos\videos\0921.mp4,31
1,2,C:\Users\Public\Videos\videos\0936.mp4,32
1,2,C:\Users\Public\Videos\videos\0546.mp4,33
1,2,C:\Users\Public\Videos\videos\1405.mp4,34
1,2,C:\Users\Public\Videos\videos\2097.mp4,35
1,2,C:\Users\Public\Videos\videos\1917.mp4,36
1,3,C:\Users\Public\Videos\videos\0173.mp4,1
1,3,C:\Users\Public\Videos\videos\0687.mp4,2
1,3,C:\Users\Public\Videos\videos\0472.mp4,3
1,3,C:\Users\Public\Videos\videos\0400.mp4,4
1,3,C:\Users\Public\Videos\videos\0960.mp4,5
1,3,C:\Users\Public\Videos\videos\0386.mp4,6
1,3,C:\Users\Public\Videos\videos\0904.mp4,7
1,3,C:\Users\Public\Videos\videos\0456.mp4,8
1,3,C:\Users\Public\Videos\videos\0352.mp4,9
1,3,C:\Users\Public\Videos\videos\0259.mp4,10
1,3,C:\Users\Public\Videos\videos\1897.mp4,11
1,3,C:\Users\Public\Videos\videos\0732.mp4,12
1,3,C:\Users\Public\Videos\videos\1668.mp4,13
1,3,C:\Users\Public\Videos\videos\0805.mp4,14
1,3,C:\Users\Public\Videos\videos\0877.mp4,15
1,3,C:\Users\Public\Videos\videos\1657.mp4,16
1,3,C:\Users\Public\Videos\videos\0261.mp4,17
1,3,C:\Users\Public\Videos\videos\0416.mp4,18
1,3,C:\Users\Public\Videos\videos\2177.mp4,19
1,3,C:\Users\Public\Videos\videos\1538.mp4,20
1,3,C:\Users\Public\Videos\videos\1837.mp4,21
1,3,C:\Users\Public\Videos\videos\0929.mp4,22
1,3,C:\Users\Public\Videos\videos\1990.mp4,23
1,3,C:\Users\Public\Videos\videos\0499.mp4,24
1,3,C:\Users\Public\Videos\videos\2007.mp4,25
1,3,C:\Users\Public\Videos\videos\1356.mp4,26
1,3,C:\Users\Public\Videos\videos\0219.mp4,27
1,3,C:\Users\Public\Videos\videos\0215.mp4,28
1,3,C:\Users\Public\Videos\videos\0953.mp4,29
1,3,C:\Users\Public\Videos\videos\1131.mp4,30
1,3,C:\Users\Public\Videos\videos\1505.mp4,31
1,3,C:\Users\Public\Videos\videos\1736.mp4,32
1,3,C:\Users\Public\Videos\videos\0238.mp4,33
1,3,C:\Users\Public\Videos\videos\1979.mp4,34
1,3,C:\Users\Public\Videos\videos\0471.mp4,35
1,3,C:\Users\Public\Videos\videos\1583.mp4,36
1,4,C:\Users\Public\Videos\videos\0678.mp4,1
1,4,C:\Users\Public\Videos\videos\0402.mp4,2
1,4,C:\Users\Public\Videos\videos\0507.mp4,3
1,4,C:\Users\Public\Videos\videos\0711.mp4,4
1,4,C:\Users\Public\Videos\videos\1306.mp4,5
1,4,C:\Users\Public\Videos\videos\0819.mp4,6
1,4,C:\Users\Public\Videos\videos\1323.mp4,7
1,4,C:\Users\Public\Videos\videos\0521.mp4,8
1,4,C:\Users\Public\Videos\videos\0369.mp4,9
1,4,C:\Users\Public\Videos\videos\0421.mp4,10
1,4,C:\Users\Public\Videos\videos\1395.mp4,11
1,4,C:\Users\Public\Videos\videos\1258.mp4,12
1,4,C:\Users\Public\Videos\videos\1914.mp4,13
1,4,C:\Users\Public\Videos\videos\0695.mp4,14
1,4,C:\Users\Public\Videos\videos\0617.mp4,15
1,4,C:\Users\Public\Videos\videos\0886.mp4,16
1,4,C:\Users\Public\Videos\videos\2076.mp4,17
1,4,C:\Users\Public\Videos\videos\0192.mp4,18
1,4,C:\Users\Public\Videos\videos\0970.mp4,19
1,4,C:\Users\Public\Videos\videos\1899.mp4,20
1,4,C:\Users\Public\Videos\videos\0495.mp4,21
1,4,C:\Users\Public\Videos\videos\0390.mp4,22
1,4,C:\Users\Public\Videos\videos\1426.mp4,23
1,4,C:\Users\Public\Videos\videos\0393.mp4,24
1,4,C:\Users\Public\Videos\videos\1211.mp4,25
1,4,C:\Users\Public\Videos\videos\1141.mp4,26
1,4,C:\Users\Public\Videos\videos\0811.mp4,27
1,4,C:\Users\Public\Videos\videos\2140.mp4,28
1,4,C:\Users\Public\Videos\videos\0145.mp4,29
1,4,C:\Users\Public\Videos\videos\0208.mp4,30
1,4,C:\Users\Public\Videos\videos\1723.mp4,31
1,4,C:\Users\Public\Videos\videos\2014.mp4,32
1,4,C:\Users\Public\Videos\videos\1270.mp4,33
1,4,C:\Users\Public\Videos\videos\1819.mp4,34
1,4,C:\Users\Public\Videos\videos\1911.mp4,35
1,4,C:\Users\Public\Videos\videos\0157.mp4,36
1,5,C:\Users\Public\Videos\videos\0317.mp4,1
1,5,C:\Users\Public\Videos\videos\1835.mp4,2
1,5,C:\Users\Public\Videos\videos\1266.mp4,3
1,5,C:\Users\Public\Videos\videos\1390.mp4,4
1,5,C:\Users\Public\Videos\videos\0095.mp4,5
1,5,C:\Users\Public\Videos\videos\1847.mp4,6
1,5,C:\Users\Public\Videos\videos\1731.mp4,7
1,5,C:\Users\Public\Videos\videos\1333.mp4,8
1,5,C:\Users\Public\Videos\videos\1922.mp4,9
1,5,C:\Users\Public\Videos\videos\1912.mp4,10
1,5,C:\Users\Public\Videos\videos\0452.mp4,11
1,5,C:\Users\Public\Videos\videos\2133.mp4,12
1,5,C:\Users\Public\Videos\videos\0717.mp4,13
1,5,C:\Users\Public\Videos\videos\0231.mp4,14
1,5,C:\Users\Public\Videos\videos\1106.mp4,15
1,5,C:\Users\Public\Videos\videos\0230.mp4,16
1,5,C:\Users\Public\Videos\videos\0119.mp4,17
1,5,C:\Users\Public\Videos\videos\1276.mp4,18
1,5,C:\Users\Public\Videos\videos\0200.mp4,19
1,5,C:\Users\Public\Videos\videos\2135.mp4,20
1,5,C:\Users\Public\Videos\videos\0311.mp4,21
1,5,C:\Users\Public\Videos\videos\1587.mp4,22
1,5,C:\Users\Public\Videos\videos\1245.mp4,23
1,5,C:\Users\Public\Videos\videos\1962.mp4,24
1,5,C:\Users\Public\Videos\videos\0780.mp4,25
1,5,C:\Users\Public\Videos\videos\0309.mp4,26
1,5,C:\Users\Public\Videos\videos\1250.mp4,27
1,5,C:\Users\Public\Videos\videos\1455.mp4,28
1,5,C:\Users\Public\Videos\videos\1952.mp4,29
1,5,C:\Users\Public\Videos\videos\1557.mp4,30
1,5,C:\Users\Public\Videos\videos\1507.mp4,31
1,5,C:\Users\Public\Videos\videos\1580.mp4,32
1,5,C:\Users\Public\Videos\videos\2108.mp4,33
1,5,C:\Users\Public\Videos\videos\1302.mp4,34
1,5,C:\Users\Public\Videos\videos\0338.mp4,35
1,5,C:\Users\Public\Videos\videos\1710.mp4,36
1,6,C:\Users\Public\Videos\videos\1383.mp4,1
1,6,C:\Users\Public\Videos\videos\0083.mp4,2
1,6,C:\Users\Public\Videos\videos\1968.mp4,3
1,6,C:\Users\Public\Videos\videos\0218.mp4,4
1,6,C:\Users\Public\Videos\videos\2191.mp4,5
1,6,C:\Users\Public\Videos\videos\1077.mp4,6
1,6,C:\Users\Public\Videos\videos\1520.mp4,7
1,6,C:\Users\Public\Videos\videos\1070.mp4,8
1,6,C:\Users\Public\Videos\videos\1166.mp4,9
1,6,C:\Users\Public\Videos\videos\1424.mp4,10
1,6,C:\Users\Public\Videos\videos\1389.mp4,11
1,6,C:\Users\Public\Videos\videos\1829.mp4,12
1,6,C:\Users\Public\Videos\videos\2043.mp4,13
1,6,C:\Users\Public\Videos\videos\0751.mp4,14
1,6,C:\Users\Public\Videos\videos\1566.mp4,15
1,6,C:\Users\Public\Videos\videos\0345.mp4,16
1,6,C:\Users\Public\Videos\videos\0595.mp4,17
1,6,C:\Users\Public\Videos\videos\1771.mp4,18
1,6,C:\Users\Public\Videos\videos\2167.mp4,19
1,6,C:\Users\Public\Videos\videos\0988.mp4,20
1,6,C:\Users\Public\Videos\videos\0419.mp4,21
1,6,C:\Users\Public\Videos\videos\0170.mp4,22
1,6,C:\Users\Public\Videos\videos\0762.mp4,23
1,6,C:\Users\Public\Videos\videos\1995.mp4,24
1,6,C:\Users\Public\Videos\videos\2168.mp4,25
1,6,C:\Users\Public\Videos\videos\1810.mp4,26
1,6,C:\Users\Public\Videos\videos\0299.mp4,27
1,6,C:\Users\Public\Videos\videos\1823.mp4,28
1,6,C:\Users\Public\Videos\videos\0017.mp4,29
1,6,C:\Users\Public\Videos\videos\0036.mp4,30
1,6,C:\Users\Public\Videos\videos\0487.mp4,31
1,6,C:\Users\Public\Videos\videos\0536.mp4,32
1,6,C:\Users\Public\Videos\videos\0910.mp4,33
1,6,C:\Users\Public\Videos\videos\1464.mp4,34
1,6,C:\Users\Public\Videos\videos\1073.mp4,35
1,6,C:\Users\Public\Videos\videos\0485.mp4,36
1,7,C:\Users\Public\Videos\videos\0934.mp4,1
1,7,C:\Users\Public\Videos\videos\1780.mp4,2
1,7,C:\Users\Public\Videos\videos\1160.mp4,3
1,7,C:\Users\Public\Videos\videos\1597.mp4,4
1,7,C:\Users\Public\Videos\videos\1954.mp4,5
1,7,C:\Users\Public\Videos\videos\0596.mp4,6
1,7,C:\Users\Public\Videos\videos\1462.mp4,7
1,7,C:\Users\Public\Videos\videos\0779.mp4,8
1,7,C:\Users\Public\Videos\videos\0356.mp4,9
1,7,C:\Users\Public\Videos\videos\1319.mp4,10
1,7,C:\Users\Public\Videos\videos\0922.mp4,11
1,7,C:\Users\Public\Videos\videos\2171.mp4,12
1,7,C:\Users\Public\Videos\videos\0955.mp4,13
1,7,C:\Users\Public\Videos\videos\0479.mp4,14
1,7,C:\Users\Public\Videos\videos\1385.mp4,15
1,7,C:\Users\Public\Videos\videos\0511.mp4,16
1,7,C:\Users\Public\Videos\videos\2034.mp4,17
1,7,C:\Users\Public\Videos\videos\0449.mp4,18
1,7,C:\Users\Public\Videos\videos\0664.mp4,19
1,7,C:\Users\Public\Videos\videos\1129.mp4,20
1,7,C:\Users\Public\Videos\videos\1858.mp4,21
1,7,C:\Users\Public\Videos\videos\1856.mp4,22
1,7,C:\Users\Public\Videos\videos\0833.mp4,23
1,7,C:\Users\Public\Videos\videos\1140.mp4,24
1,7,C:\Users\Public\Videos\videos\0783.mp4,25
1,7,C:\Users\Public\Videos\videos\1179.mp4,26
1,7,C:\Users\Public\Videos\videos\1887.mp4,27
1,7,C:\Users\Public\Videos\videos\2003.mp4,28
1,7,C:\Users\Public\Videos\videos\0096.mp4,29
1,7,C:\Users\Public\Videos\videos\0058.mp4,30
1,7,C:\Users\Public\Videos\videos\0086.mp4,31
1,7,C:\Users\Public\Videos\videos\0176.mp4,32
1,7,C:\Users\Public\Videos\videos\0211.mp4,33
1,7,C:\Users\Public\Videos\videos\1349.mp4,34
1,7,C:\Users\Public\Videos\videos\2189.mp4,35
1,7,C:\Users\Public\Videos\videos\0686.mp4,36
2,1,C:\Users\Public\Videos\videos\1663.mp4,1
2,1,C:\Users\Public\Videos\videos\0900.mp4,2
2,1,C:\Users\Public\Videos\videos\2186.mp4,3
2,1,C:\Users\Public\Videos\videos\0572.mp4,4
2,1,C:\Users\Public\Videos\videos\1747.mp4,5
2,1,C:\Users\Public\Videos\videos\0715.mp4,6
2,1,C:\Users\Public\Videos\videos\0453.mp4,7
2,1,C:\Users\Public\Videos\videos\0835.mp4,8
2,1,C:\Users\Public\Videos\videos\0146.mp4,9
2,1,C:\Users\Public\Videos\videos\1324.mp4,10
2,1,C:\Users\Public\Videos\videos\0826.mp4,11
2,1,C:\Users\Public\Videos\videos\2145.mp4,12
2,1,C:\Users\Public\Videos\videos\0389.mp4,13
2,1,C:\Users\Public\Videos\videos\1011.mp4,14
2,1,C:\Users\Public\Videos\videos\0185.mp4,15
2,1,C:\Users\Public\Videos\videos\0716.mp4,16
2,1,C:\Users\Public\Videos\videos\0347.mp4,17
2,1,C:\Users\Public\Videos\videos\1757.mp4,18
2,1,C:\Users\Public\Videos\videos\1078.mp4,19
2,1,C:\Users\Public\Videos\videos\0064.mp4,20
2,1,C:\Users\Public\Videos\videos\1144.mp4,21
2,1,C:\Users\Public\Videos\videos\0828.mp4,22
2,1,C:\Users\Public\Videos\videos\1929.mp4,23
2,1,C:\Users\Public\Videos\videos\2002.mp4,24
2,1,C:\Users\Public\Videos\videos\1616.mp4,25
2,1,C:\Users\Public\Videos\videos\1097.mp4,26
2,1,C:\Users\Public\Videos\videos\1014.mp4,27
2,1,C:\Users\Public\Videos\videos\0286.mp4,28
2,1,C:\Users\Public\Videos\videos\0041.mp4,29
2,1,C:\Users\Public\Videos\videos\1327.mp4,30
2,1,C:\Users\Public\Videos\videos\0276.mp4,31
2,1,C:\Users\Public\Videos\videos\0989.mp4,32
2,1,C:\Users\Public\Videos\videos\0932.mp4,33
2,1,C:\Users\Public\Videos\videos\0151.mp4,34
2,1,C:\Users\Public\Videos\videos\1387.mp4,35
2,1,C:\Users\Public\Videos\videos\0066.mp4,36
2,2,C:\Users\Public\Videos\videos\0694.mp4,1
2,2,C:\Users\Public\Videos\videos\1274.mp4,2
2,2,C:\Users\Public\Videos\videos\1919.mp4,3
2,2,C:\Users\Public\Videos\videos\0746.mp4,4
2,2,C:\Users\Public\Videos\videos\1444.mp4,5
2,2,C:\Users\Public\Videos\videos\0584.mp4,6
2,2,C:\Users\Public\Videos\videos\1558.mp4,7
2,2,C:\Users\Public\Videos\videos\1402.mp4,8
2,2,C:\Users\Public\Videos\videos\1433.mp4,9
2,2,C:\Users\Public\Videos\videos\1763.mp4,10
2,2,C:\Users\Public\Videos\videos\0570.mp4,11
2,2,C:\Users\Public\Videos\videos\0034.mp4,12
2,2,C:\Users\Public\Videos\videos\0578.mp4,13
2,2,C:\Users\Public\Videos\videos\1287.mp4,14
2,2,C:\Users\Public\Videos\videos\2082.mp4,15
2,2,C:\Users\Public\Videos\videos\1772.mp4,16
2,2,C:\Users\Public\Videos\videos\1150.mp4,17
2,2,C:\Users\Public\Videos\videos\0061.mp4,18
2,2,C:\Users\Public\Videos\videos\1469.mp4,19
2,2,C:\Users\Public\Videos\videos\1164.mp4,20
2,2,C:\Users\Public\Videos\videos\0580.mp4,21
2,2,C:\Users\Public\Videos\videos\1098.mp4,22
2,2,C:\Users\Public\Videos\videos\0794.mp4,23
2,2,C:\Users\Public\Videos\videos\0398.mp4,24
2,2,C:\Users\Public\Videos\videos\0467.mp4,25
2,2,C:\Users\Public\Videos\videos\0433.mp4,26
2,2,C:\Users\Public\Videos\videos\0852.mp4,27
2,2,C:\Users\Public\Videos\videos\2086.mp4,28
2,2,C:\Users\Public\Videos\videos\1305.mp4,29
2,2,C:\Users\Public\Videos\videos\1660.mp4,30
2,2,C:\Users\Public\Videos\videos\2139.mp4,31
2,2,C:\Users\Public\Videos\videos\0244.mp4,32
2,2,C:\Users\Public\Videos\videos\1706.mp4,33
2,2,C:\Users\Public\Videos\videos\1126.mp4,34
2,2,C:\Users\Public\Videos\videos\1342.mp4,35
2,2,C:\Users\Public\Videos\videos\1121.mp4,36
2,3,C:\Users\Public\Videos\videos\2110.mp4,1
2,3,C:\Users\Public\Videos\videos\1850.mp4,2
2,3,C:\Users\Public\Videos\videos\1564.mp4,3
2,3,C:\Users\Public\Videos\videos\0014.mp4,4
2,3,C:\Users\Public\Videos\videos\0609.mp4,5
2,3,C:\Users\Public\Videos\videos\0668.mp4,6
2,3,C:\Users\Public\Videos\videos\1499.mp4,7
2,3,C:\Users\Public\Videos\videos\1153.mp4,8
2,3,C:\Users\Public\Videos\videos\1368.mp4,9
2,3,C:\Users\Public\Videos\videos\1831.mp4,10
2,3,C:\Users\Public\Videos\videos\0121.mp4,11
2,3,C:\Users\Public\Videos\videos\2022.mp4,12
2,3,C:\Users\Public\Videos\videos\1171.mp4,13
2,3,C:\Users\Public\Videos\videos\1556.mp4,14
2,3,C:\Users\Public\Videos\videos\0673.mp4,15
2,3,C:\Users\Public\Videos\videos\1948.mp4,16
2,3,C:\Users\Public\Videos\videos\2156.mp4,17
2,3,C:\Users\Public\Videos\videos\1501.mp4,18
2,3,C:\Users\Public\Videos\videos\0857.mp4,19
2,3,C:\Users\Public\Videos\videos\1263.mp4,20
2,3,C:\Users\Public\Videos\videos\0730.mp4,21
2,3,C:\Users\Public\Videos\videos\0995.mp4,22
2,3,C:\Users\Public\Videos\videos\1918.mp4,23
2,3,C:\Users\Public\Videos\videos\1418.mp4,24
2,3,C:\Users\Public\Videos\videos\0277.mp4,25
2,3,C:\Users\Public\Videos\videos\1898.mp4,26
2,3,C:\Users\Public\Videos\videos\1021.mp4,27
2,3,C:\Users\Public\Videos\videos\1974.mp4,28
2,3,C:\Users\Public\Videos\videos\1352.mp4,29
2,3,C:\Users\Public\Videos\videos\2074.mp4,30
2,3,C:\Users\Public\Videos\videos\1309.mp4,31
2,3,C:\Users\Public\Videos\videos\1115.mp4,32
2,3,C:\Users\Public\Videos\videos\0365.mp4,33
2,3,C:\Users\Public\Videos\videos\0747.mp4,34
2,3,C:\Users\Public\Videos\videos\0652.mp4,35
2,3,C:\Users\Public\Videos\videos\0928.mp4,36
2,4,C:\Users\Public\Videos\videos\2062.mp4,1
2,4,C:\Users\Public\Videos\videos\1000.mp4,2
2,4,C:\Users\Public\Videos\videos\2114.mp4,3
2,4,C:\Users\Public\Videos\videos\0353.mp4,4
2,4,C:\Users\Public\Videos\videos\1726.mp4,5
2,4,C:\Users\Public\Videos\videos\1353.mp4,6
2,4,C:\Users\Public\Videos\videos\0186.mp4,7
2,4,C:\Users\Public\Videos\videos\0024.mp4,8
2,4,C:\Users\Public\Videos\videos\1059.mp4,9
2,4,C:\Users\Public\Videos\videos\0859.mp4,10
2,4,C:\Users\Public\Videos\videos\1861.mp4,11
2,4,C:\Users\Public\Videos\videos\0408.mp4,12
2,4,C:\Users\Public\Videos\videos\1573.mp4,13
2,4,C:\Users\Public\Videos\videos\1145.mp4,14
2,4,C:\Users\Public\Videos\videos\0129.mp4,15
2,4,C:\Users\Public\Videos\videos\0836.mp4,16
2,4,C:\Users\Public\Videos\videos\0344.mp4,17
2,4,C:\Users\Public\Videos\videos\1374.mp4,18
2,4,C:\Users\Public\Videos\videos\1937.mp4,19
2,4,C:\Users\Public\Videos\videos\1792.mp4,20
2,4,C:\Users\Public\Videos\videos\1372.mp4,21
2,4,C:\Users\Public\Videos\videos\0865.mp4,22
2,4,C:\Users\Public\Videos\videos\0368.mp4,23
2,4,C:\Users\Public\Videos\videos\0109.mp4,24
2,4,C:\Users\Public\Videos\videos\0251.mp4,25
2,4,C:\Users\Public\Videos\videos\0242.mp4,26
2,4,C:\Users\Public\Videos\videos\0714.mp4,27
2,4,C:\Users\Public\Videos\videos\1988.mp4,28
2,4,C:\Users\Public\Videos\videos\1875.mp4,29
2,4,C:\Users\Public\Videos\videos\0497.mp4,30
2,4,C:\Users\Public\Videos\videos\0030.mp4,31
2,4,C:\Users\Public\Videos\videos\2020.mp4,32
2,4,C:\Users\Public\Videos\videos\0076.mp4,33
2,4,C:\Users\Public\Videos\videos\1756.mp4,34
2,4,C:\Users\Public\Videos\videos\1664.mp4,35
2,4,C:\Users\Public\Videos\videos\1022.mp4,36
2,5,C:\Users\Public\Videos\videos\0318.mp4,1
2,5,C:\Users\Public\Videos\videos\0195.mp4,2
2,5,C:\Users\Public\Videos\videos\0801.mp4,3
2,5,C:\Users\Public\Videos\videos\0319.mp4,4
2,5,C:\Users\Public\Videos\videos\0113.mp4,5
2,5,C:\Users\Public\Videos\videos\0243.mp4,6
2,5,C:\Users\Public\Videos\videos\0975.mp4,7
2,5,C:\Users\Public\Videos\videos\1437.mp4,8
2,5,C:\Users\Public\Videos\videos\1243.mp4,9
2,5,C:\Users\Public\Videos\videos\0766.mp4,10
2,5,C:\Users\Public\Videos\videos\0888.mp4,11
2,5,C:\Users\Public\Videos\videos\1120.mp4,12
2,5,C:\Users\Public\Videos\videos\0947.mp4,13
2,5,C:\Users\Public\Videos\videos\1056.mp4,14
2,5,C:\Users\Public\Videos\videos\1083.mp4,15
2,5,C:\Users\Public\Videos\videos\1613.mp4,16
2,5,C:\Users\Public\Videos\videos\1091.mp4,17
2,5,C:\Users\Public\Videos\videos\1259.mp4,18
2,5,C:\Users\Public\Videos\videos\0654.mp4,19
2,5,C:\Users\Public\Videos\videos\1809.mp4,20
2,5,C:\Users\Public\Videos\videos\1512.mp4,21
2,5,C:\Users\Public\Videos\videos\1185.mp4,22
2,5,C:\Users\Public\Videos\videos\1292.mp4,23
2,5,C:\Users\Public\Videos\videos\1336.mp4,24
2,5,C:\Users\Public\Videos\videos\1490.mp4,25
2,5,C:\Users\Public\Videos\videos\1330.mp4,26
2,5,C:\Users\Public\Videos\videos\0494.mp4,27
2,5,C:\Users\Public\Videos\videos\1665.mp4,28
2,5,C:\Users\Public\Videos\videos\1778.mp4,29
2,5,C:\Users\Public\Videos\videos\1815.mp4,30
2,5,C:\Users\Public\Videos\videos\1019.mp4,31
2,5,C:\Users\Public\Videos\videos\0359.mp4,32
2,5,C:\Users\Public\Videos\videos\0825.mp4,33
2,5,C:\Users\Public\Videos\videos\0647.mp4,34
2,5,C:\Users\Public\Videos\videos\1004.mp4,35
2,5,C:\Users\Public\Videos\videos\1373.mp4,36
2,6,C:\Users\Public\Videos\videos\2068.mp4,1
2,6,C:\Users\Public\Videos\videos\0435.mp4,2
2,6,C:\Users\Public\Videos\videos\1057.mp4,3
2,6,C:\Users\Public\Videos\videos\1777.mp4,4
2,6,C:\Users\Public\Videos\videos\1907.mp4,5
2,6,C:\Users\Public\Videos\videos\0981.mp4,6
2,6,C:\Users\Public\Videos\videos\1741.mp4,7
2,6,C:\Users\Public\Videos\videos\1025.mp4,8
2,6,C:\Users\Public\Videos\videos\1135.mp4,9
2,6,C:\Users\Public\Videos\videos\0729.mp4,10
2,6,C:\Users\Public\Videos\videos\0882.mp4,11
2,6,C:\Users\Public\Videos\videos\1026.mp4,12
2,6,C:\Users\Public\Videos\videos\1502.mp4,13
2,6,C:\Users\Public\Videos\videos\2119.mp4,14
2,6,C:\Users\Public\Videos\videos\1148.mp4,15
2,6,C:\Users\Public\Videos\videos\0234.mp4,16
2,6,C:\Users\Public\Videos\videos\1802.mp4,17
2,6,C:\Users\Public\Videos\videos\1997.mp4,18
2,6,C:\Users\Public\Videos\videos\1534.mp4,19
2,6,C:\Users\Public\Videos\videos\0324.mp4,20
2,6,C:\Users\Public\Videos\videos\1531.mp4,21
2,6,C:\Users\Public\Videos\videos\0554.mp4,22
2,6,C:\Users\Public\Videos\videos\1540.mp4,23
2,6,C:\Users\Public\Videos\videos\0144.mp4,24
2,6,C:\Users\Public\Videos\videos\0697.mp4,25
2,6,C:\Users\Public\Videos\videos\1237.mp4,26
2,6,C:\Users\Public\Videos\videos\0202.mp4,27
2,6,C:\Users\Public\Videos\videos\1071.mp4,28
2,6,C:\Users\Public\Videos\videos\0952.mp4,29
2,6,C:\Users\Public\Videos\videos\1009.mp4,30
2,6,C:\Users\Public\Videos\videos\0703.mp4,31
2,6,C:\Users\Public\Videos\videos\2147.mp4,32
2,6,C:\Users\Public\Videos\videos\1965.mp4,33
2,6,C:\Users\Public\Videos\videos\1828.mp4,34
2,6,C:\Users\Public\Videos\videos\2084.mp4,35
2,6,C:\Users\Public\Videos\videos\0764.mp4,36
2,7,C:\Users\Public\Videos\videos\2166.mp4,1
2,7,C:\Users\Public\Videos\videos\1449.mp4,2
2,7,C:\Users\Public\Videos\videos\2036.mp4,3
2,7,C:\Users\Public\Videos\videos\1932.mp4,4
2,7,C:\Users\Public\Videos\videos\0937.mp4,5
2,7,C:\Users\Public\Videos\videos\0792.mp4,6
2,7,C:\Users\Public\Videos\videos\0290.mp4,7
2,7,C:\Users\Public\Videos\videos\1800.mp4,8
2,7,C:\Users\Public\Videos\videos\1194.mp4,9
2,7,C:\Users\Public\Videos\videos\0050.mp4,10
2,7,C:\Users\Public\Videos\videos\1575.mp4,11
2,7,C:\Users\Public\Videos\videos\1467.mp4,12
2,7,C:\Users\Public\Videos\videos\0774.mp4,13
2,7,C:\Users\Public\Videos\videos\1976.mp4,14
2,7,C:\Users\Public\Videos\videos\0488.mp4,15
2,7,C:\Users\Public\Videos\videos\1161.mp4,16
2,7,C:\Users\Public\Videos\videos\0531.mp4,17
2,7,C:\Users\Public\Videos\videos\0688.mp4,18
2,7,C:\Users\Public\Videos\videos\0212.mp4,19
2,7,C:\Users\Public\Videos\videos\1216.mp4,20
2,7,C:\Users\Public\Videos\videos\0037.mp4,21
2,7,C:\Users\Public\Videos\videos\0939.mp4,22
2,7,C:\Users\Public\Videos\videos\2056.mp4,23
2,7,C:\Users\Public\Videos\videos\1970.mp4,24
2,7,C:\Users\Public\Videos\videos\0847.mp4,25
2,7,C:\Users\Public\Videos\videos\1134.mp4,26
2,7,C:\Users\Public\Videos\videos\0743.mp4,27
2,7,C:\Users\Public\Videos\videos\0759.mp4,28
2,7,C:\Users\Public\Videos\videos\0142.mp4,29
2,7,C:\Users\Public\Videos\videos\0624.mp4,30
2,7,C:\Users\Public\Videos\videos\2059.mp4,31
2,7,C:\Users\Public\Videos\videos\1642.mp4,32
2,7,C:\Users\Public\Videos\videos\2184.mp4,33
2,7,C:\Users\Public\Videos\videos\0640.mp4,34
2,7,C:\Users\Public\Videos\videos\1132.mp4,35
2,7,C:\Users\Public\Videos\videos\1865.mp4,36
2,8,C:\Users\Public\Videos\videos\0564.mp4,1
2,8,C:\Users\Public\Videos\videos\0381.mp4,2
2,8,C:\Users\Public\Videos\videos\0562.mp4,3
2,8,C:\Users\Public\Videos\videos\1874.mp4,4
2,8,C:\Users\Public\Videos\videos\0750.mp4,5
2,8,C:\Users\Public\Videos\videos\1841.mp4,6
2,8,C:\Users\Public\Videos\videos\0460.mp4,7
2,8,C:\Users\Public\Videos\videos\1220.mp4,8
2,8,C:\Users\Public\Videos\videos\1242.mp4,9
2,8,C:\Users\Public\Videos\videos\0320.mp4,10
2,8,C:\Users\Public\Videos\videos\2010.mp4,11
2,8,C:\Users\Public\Videos\videos\2091.mp4,12
2,8,C:\Users\Public\Videos\videos\1308.mp4,13
2,8,C:\Users\Public\Videos\videos\0310.mp4,14
2,8,C:\Users\Public\Videos\videos\2130.mp4,15
2,8,C:\Users\Public\Videos\videos\0042.mp4,16
2,8,C:\Users\Public\Videos\videos\1826.mp4,17
2,8,C:\Users\Public\Videos\videos\1537.mp4,18
2,8,C:\Users\Public\Videos\videos\0149.mp4,19
2,8,C:\Users\Public\Videos\videos\1720.mp4,20
2,8,C:\Users\Public\Videos\videos\1610.mp4,21
2,8,C:\Users\Public\Videos\videos\0094.mp4,22
2,8,C:\Users\Public\Videos\videos\1036.mp4,23
2,8,C:\Users\Public\Videos\videos\0003.mp4,24
2,8,C:\Users\Public\Videos\videos\0477.mp4,25
2,8,C:\Users\Public\Videos\videos\0957.mp4,26
2,8,C:\Users\Public\Videos\videos\0586.mp4,27
2,8,C:\Users\Public\Videos\videos\1816.mp4,28
2,8,C:\Users\Public\Videos\videos\0412.mp4,29
2,8,C:\Users\Public\Videos\videos\1428.mp4,30
2,8,C:\Users\Public\Videos\videos\1717.mp4,31
2,8,C:\Users\Public\Videos\videos\0637.mp4,32
2,8,C:\Users\Public\Videos\videos\0127.mp4,33
2,8,C:\Users\Public\Videos\videos\1788.mp4,34
2,8,C:\Users\Public\Videos\videos\0685.mp4,35
2,8,C:\Users\Public\Videos\videos\0232.mp4,36
3,1,C:\Users\Public\Videos\videos\1719.mp4,1
3,1,C:\Users\Public\Videos\videos\0067.mp4,2
3,1,C:\Users\Public\Videos\videos\1964.mp4,3
3,1,C:\Users\Public\Videos\videos\1230.mp4,4
3,1,C:\Users\Public\Videos\videos\1585.mp4,5
3,1,C:\Users\Public\Videos\videos\0055.mp4,6
3,1,C:\Users\Public\Videos\videos\1527.mp4,7
3,1,C:\Users\Public\Videos\videos\1915.mp4,8
3,1,C:\Users\Public\Videos\videos\1504.mp4,9
3,1,C:\Users\Public\Videos\videos\1377.mp4,10
3,1,C:\Users\Public\Videos\videos\0196.mp4,11
3,1,C:\Users\Public\Videos\videos\0236.mp4,12
3,1,C:\Users\Public\Videos\videos\0917.mp4,13
3,1,C:\Users\Public\Videos\videos\1487.mp4,14
3,1,C:\Users\Public\Videos\videos\0241.mp4,15
3,1,C:\Users\Public\Videos\videos\1981.mp4,16
3,1,C:\Users\Public\Videos\videos\0505.mp4,17
3,1,C:\Users\Public\Videos\videos\0823.mp4,18
3,1,C:\Users\Public\Videos\videos\0777.mp4,19
3,1,C:\Users\Public\Videos\videos\0506.mp4,20
3,1,C:\Users\Public\Videos\videos\1517.mp4,21
3,1,C:\Users\Public\Videos\videos\1993.mp4,22
3,1,C:\Users\Public\Videos\videos\0976.mp4,23
3,1,C:\Users\Public\Videos\videos\0620.mp4,24
3,1,C:\Users\Public\Videos\videos\0093.mp4,25
3,1,C:\Users\Public\Videos\videos\0559.mp4,26
3,1,C:\Users\Public\Videos\videos\1013.mp4,27
3,1,C:\Users\Public\Videos\videos\1165.mp4,28
3,1,C:\Users\Public\Videos\videos\0181.mp4,29
3,1,C:\Users\Public\Videos\videos\0490.mp4,30
3,1,C:\Users\Public\Videos\videos\0982.mp4,31
3,1,C:\Users\Public\Videos\videos\0945.mp4,32
3,1,C:\Users\Public\Videos\videos\0556.mp4,33
3,1,C:\Users\Public\Videos\videos\2037.mp4,34
3,1,C:\Users\Public\Videos\videos\0905.mp4,35
3,1,C:\Users\Public\Videos\videos\2054.mp4,36
3,2,C:\Users\Public\Videos\videos\1811.mp4,1
3,2,C:\Users\Public\Videos\videos\1411.mp4,2
3,2,C:\Users\Public\Videos\videos\1215.mp4,3
3,2,C:\Users\Public\Videos\videos\0623.mp4,4
3,2,C:\Users\Public\Videos\videos\0684.mp4,5
3,2,C:\Users\Public\Videos\videos\0720.mp4,6
3,2,C:\Users\Public\Videos\videos\0224.mp4,7
3,2,C:\Users\Public\Videos\videos\1421.mp4,8
3,2,C:\Users\Public\Videos\videos\2080.mp4,9
3,2,C:\Users\Public\Videos\videos\0868.mp4,10
3,2,C:\Users\Public\Videos\videos\1879.mp4,11
3,2,C:\Users\Public\Videos\videos\1222.mp4,12
3,2,C:\Users\Public\Videos\videos\1870.mp4,13
3,2,C:\Users\Public\Videos\videos\1889.mp4,14
3,2,C:\Users\Public\Videos\videos\0574.mp4,15
3,2,C:\Users\Public\Videos\videos\0912.mp4,16
3,2,C:\Users\Public\Videos\videos\1412.mp4,17
3,2,C:\Users\Public\Videos\videos\2089.mp4,18
3,2,C:\Users\Public\Videos\videos\0110.mp4,19
3,2,C:\Users\Public\Videos\videos\0282.mp4,20
3,2,C:\Users\Public\Videos\videos\1256.mp4,21
3,2,C:\Users\Public\Videos\videos\0745.mp4,22
3,2,C:\Users\Public\Videos\videos\1677.mp4,23
3,2,C:\Users\Public\Videos\videos\0874.mp4,24
3,2,C:\Users\Public\Videos\videos\0705.mp4,25
3,2,C:\Users\Public\Videos\videos\1689.mp4,26
3,2,C:\Users\Public\Videos\videos\0274.mp4,27
3,2,C:\Users\Public\Videos\videos\1403.mp4,28
3,2,C:\Users\Public\Videos\videos\0713.mp4,29
3,2,C:\Users\Public\Videos\videos\0875.mp4,30
3,2,C:\Users\Public\Videos\videos\0791.mp4,31
3,2,C:\Users\Public\Videos\videos\0523.mp4,32
3,2,C:\Users\Public\Videos\videos\0314.mp4,33
3,2,C:\Users\Public\Videos\videos\1477.mp4,34
3,2,C:\Users\Public\Videos\videos\1174.mp4,35
3,2,C:\Users\Public\Videos\videos\0363.mp4,36
3,3,C:\Users\Public\Videos\videos\0284.mp4,1
3,3,C:\Users\Public\Videos\videos\0633.mp4,2
3,3,C:\Users\Public\Videos\videos\0354.mp4,3
3,3,C:\Users\Public\Videos\videos\0770.mp4,4
3,3,C:\Users\Public\Videos\videos\0579.mp4,5
3,3,C:\Users\Public\Videos\videos\2181.mp4,6
3,3,C:\Users\Public\Videos\videos\1533.mp4,7
3,3,C:\Users\Public\Videos\videos\0009.mp4,8
3,3,C:\Users\Public\Videos\videos\0103.mp4,9
3,3,C:\Users\Public\Videos\videos\1157.mp4,10
3,3,C:\Users\Public\Videos\videos\1953.mp4,11
3,3,C:\Users\Public\Videos\videos\0068.mp4,12
3,3,C:\Users\Public\Videos\videos\0862.mp4,13
3,3,C:\Users\Public\Videos\videos\1734.mp4,14
3,3,C:\Users\Public\Videos\videos\1908.mp4,15
3,3,C:\Users\Public\Videos\videos\1775.mp4,16
3,3,C:\Users\Public\Videos\videos\1440.mp4,17
3,3,C:\Users\Public\Videos\videos\0619.mp4,18
3,3,C:\Users\Public\Videos\videos\0941.mp4,19
3,3,C:\Users\Public\Videos\videos\0906.mp4,20
3,3,C:\Users\Public\Videos\videos\0590.mp4,21
3,3,C:\Users\Public\Videos\videos\1608.mp4,22
3,3,C:\Users\Public\Videos\videos\0739.mp4,23
3,3,C:\Users\Public\Videos\videos\0601.mp4,24
3,3,C:\Users\Public\Videos\videos\2174.mp4,25
3,3,C:\Users\Public\Videos\videos\1526.mp4,26
3,3,C:\Users\Public\Videos\videos\1737.mp4,27
3,3,C:\Users\Public\Videos\videos\1653.mp4,28
3,3,C:\Users\Public\Videos\videos\0782.mp4,29
3,3,C:\Users\Public\Videos\videos\0084.mp4,30
3,3,C:\Users\Public\Videos\videos\0253.mp4,31
3,3,C:\Users\Public\Videos\videos\0581.mp4,32
3,3,C:\Users\Public\Videos\videos\0577.mp4,33
3,3,C:\Users\Public\Videos\videos\1592.mp4,34
3,3,C:\Users\Public\Videos\videos\1401.mp4,35
3,3,C:\Users\Public\Videos\videos\1367.mp4,36
3,4,C:\Users\Public\Videos\videos\0985.mp4,1
3,4,C:\Users\Public\Videos\videos\0853.mp4,2
3,4,C:\Users\Public\Videos\videos\2094.mp4,3
3,4,C:\Users\Public\Videos\videos\0785.mp4,4
3,4,C:\Users\Public\Videos\videos\0431.mp4,5
3,4,C:\Users\Public\Videos\videos\0114.mp4,6
3,4,C:\Users\Public\Videos\videos\0432.mp4,7
3,4,C:\Users\Public\Videos\videos\1839.mp4,8
3,4,C:\Users\Public\Videos\videos\2125.mp4,9
3,4,C:\Users\Public\Videos\videos\1969.mp4,10
3,4,C:\Users\Public\Videos\videos\0167.mp4,11
3,4,C:\Users\Public\Videos\videos\0111.mp4,12
3,4,C:\Users\Public\Videos\videos\0980.mp4,13
3,4,C:\Users\Public\Videos\videos\0217.mp4,14
3,4,C:\Users\Public\Videos\videos\1251.mp4,15
3,4,C:\Users\Public\Videos\videos\0844.mp4,16
3,4,C:\Users\Public\Videos\videos\0483.mp4,17
3,4,C:\Users\Public\Videos\videos\1046.mp4,18
3,4,C:\Users\Public\Videos\videos\1554.mp4,19
3,4,C:\Users\Public\Videos\videos\0010.mp4,20
3,4,C:\Users\Public\Videos\videos\0701.mp4,21
3,4,C:\Users\Public\Videos\videos\0147.mp4,22
3,4,C:\Users\Public\Videos\videos\2028.mp4,23
3,4,C:\Users\Public\Videos\videos\2132.mp4,24
3,4,C:\Users\Public\Videos\videos\0670.mp4,25
3,4,C:\Users\Public\Videos\videos\1739.mp4,26
3,4,C:\Users\Public\Videos\videos\1178.mp4,27
3,4,C:\Users\Public\Videos\videos\1882.mp4,28
3,4,C:\Users\Public\Videos\videos\0197.mp4,29
3,4,C:\Users\Public\Videos\videos\0518.mp4,30
3,4,C:\Users\Public\Videos\videos\0963.mp4,31
3,4,C:\Users\Public\Videos\videos\0594.mp4,32
3,4,C:\Users\Public\Videos\videos\0428.mp4,33
3,4,C:\Users\Public\Videos\videos\2026.mp4,34
3,4,C:\Users\Public\Videos\videos\0022.mp4,35
3,4,C:\Users\Public\Videos\videos\1190.mp4,36
3,5,C:\Users\Public\Videos\videos\0884.mp4,1
3,5,C:\Users\Public\Videos\videos\0938.mp4,2
3,5,C:\Users\Public\Videos\videos\0824.mp4,3
3,5,C:\Users\Public\Videos\videos\0165.mp4,4
3,5,C:\Users\Public\Videos\videos\1909.mp4,5
3,5,C:\Users\Public\Videos\videos\1690.mp4,6
3,5,C:\Users\Public\Videos\videos\1521.mp4,7
3,5,C:\Users\Public\Videos\videos\1617.mp4,8
3,5,C:\Users\Public\Videos\videos\1084.mp4,9
3,5,C:\Users\Public\Videos\videos\1290.mp4,10
3,5,C:\Users\Public\Videos\videos\0028.mp4,11
3,5,C:\Users\Public\Videos\videos\1544.mp4,12
3,5,C:\Users\Public\Videos\videos\0706.mp4,13
3,5,C:\Users\Public\Videos\videos\0481.mp4,14
3,5,C:\Users\Public\Videos\videos\1364.mp4,15
3,5,C:\Users\Public\Videos\videos\0576.mp4,16
3,5,C:\Users\Public\Videos\videos\1236.mp4,17
3,5,C:\Users\Public\Videos\videos\0650.mp4,18
3,5,C:\Users\Public\Videos\videos\2196.mp4,19
3,5,C:\Users\Public\Videos\videos\1485.mp4,20
3,5,C:\Users\Public\Videos\videos\0038.mp4,21
3,5,C:\Users\Public\Videos\videos\1496.mp4,22
3,5,C:\Users\Public\Videos\videos\0335.mp4,23
3,5,C:\Users\Public\Videos\videos\0154.mp4,24
3,5,C:\Users\Public\Videos\videos\1271.mp4,25
3,5,C:\Users\Public\Videos\videos\2143.mp4,26
3,5,C:\Users\Public\Videos\videos\0855.mp4,27
3,5,C:\Users\Public\Videos\videos\1095.mp4,28
3,5,C:\Users\Public\Videos\videos\0986.mp4,29
3,5,C:\Users\Public\Videos\videos\0565.mp4,30
3,5,C:\Users\Public\Videos\videos\2075.mp4,31
3,5,C:\Users\Public\Videos\videos\1445.mp4,32
3,5,C:\Users\Public\Videos\videos\0561.mp4,33
3,5,C:\Users\Public\Videos\videos\0493.mp4,34
3,5,C:\Users\Public\Videos\videos\0854.mp4,35
3,5,C:\Users\Public\Videos\videos\0815.mp4,36
3,6,C:\Users\Public\Videos\videos\1181.mp4,1
3,6,C:\Users\Public\Videos\videos\1794.mp4,2
3,6,C:\Users\Public\Videos\videos\1799.mp4,3
3,6,C:\Users\Public\Videos\videos\0447.mp4,4
3,6,C:\Users\Public\Videos\videos\1035.mp4,5
3,6,C:\Users\Public\Videos\videos\1949.mp4,6
3,6,C:\Users\Public\Videos\videos\0992.mp4,7
3,6,C:\Users\Public\Videos\videos\1764.mp4,8
3,6,C:\Users\Public\Videos\videos\0553.mp4,9
3,6,C:\Users\Public\Videos\videos\2115.mp4,10
3,6,C:\Users\Public\Videos\videos\2092.mp4,11
3,6,C:\Users\Public\Videos\videos\1127.mp4,12
3,6,C:\Users\Public\Videos\videos\0257.mp4,13
3,6,C:\Users\Public\Videos\videos\1473.mp4,14
3,6,C:\Users\Public\Videos\videos\0194.mp4,15
3,6,C:\Users\Public\Videos\videos\0458.mp4,16
3,6,C:\Users\Public\Videos\videos\1118.mp4,17
3,6,C:\Users\Public\Videos\videos\1670.mp4,18
3,6,C:\Users\Public\Videos\videos\1639.mp4,19
3,6,C:\Users\Public\Videos\videos\0522.mp4,20
3,6,C:\Users\Public\Videos\videos\1910.mp4,21
3,6,C:\Users\Public\Videos\videos\2021.mp4,22
3,6,C:\Users\Public\Videos\videos\1892.mp4,23
3,6,C:\Users\Public\Videos\videos\1975.mp4,24
3,6,C:\Users\Public\Videos\videos\1219.mp4,25
3,6,C:\Users\Public\Videos\videos\2099.mp4,26
3,6,C:\Users\Public\Videos\videos\1854.mp4,27
3,6,C:\Users\Public\Videos\videos\1967.mp4,28
3,6,C:\Users\Public\Videos\videos\1329.mp4,29
3,6,C:\Users\Public\Videos\videos\0223.mp4,30
3,6,C:\Users\Public\Videos\videos\1745.mp4,31
3,6,C:\Users\Public\Videos\videos\0838.mp4,32
3,6,C:\Users\Public\Videos\videos\0526.mp4,33
3,6,C:\Users\Public\Videos\videos\1761.mp4,34
3,6,C:\Users\Public\Videos\videos\0133.mp4,35
3,6,C:\Users\Public\Videos\videos\0702.mp4,36
3,7,C:\Users\Public\Videos\videos\0942.mp4,1
3,7,C:\Users\Public\Videos\videos\1801.mp4,2
3,7,C:\Users\Public\Videos\videos\1102.mp4,3
3,7,C:\Users\Public\Videos\videos\0102.mp4,4
3,7,C:\Users\Public\Videos\videos\0814.mp4,5
3,7,C:\Users\Public\Videos\videos\2018.mp4,6
3,7,C:\Users\Public\Videos\videos\0737.mp4,7
3,7,C:\Users\Public\Videos\videos\0658.mp4,8
3,7,C:\Users\Public\Videos\videos\0610.mp4,9
3,7,C:\Users\Public\Videos\videos\0538.mp4,10
3,7,C:\Users\Public\Videos\videos\0160.mp4,11
3,7,C:\Users\Public\Videos\videos\1069.mp4,12
3,7,C:\Users\Public\Videos\videos\1058.mp4,13
3,7,C:\Users\Public\Videos\videos\1895.mp4,14
3,7,C:\Users\Public\Videos\videos\1052.mp4,15
3,7,C:\Users\Public\Videos\videos\0013.mp4,16
3,7,C:\Users\Public\Videos\videos\0337.mp4,17
3,7,C:\Users\Public\Videos\videos\1100.mp4,18
3,7,C:\Users\Public\Videos\videos\0796.mp4,19
3,7,C:\Users\Public\Videos\videos\0213.mp4,20
3,7,C:\Users\Public\Videos\videos\1658.mp4,21
3,7,C:\Users\Public\Videos\videos\0410.mp4,22
3,7,C:\Users\Public\Videos\videos\0591.mp4,23
3,7,C:\Users\Public\Videos\videos\0415.mp4,24
3,7,C:\Users\Public\Videos\videos\0611.mp4,25
3,7,C:\Users\Public\Videos\videos\1635.mp4,26
3,7,C:\Users\Public\Videos\videos\0560.mp4,27
3,7,C:\Users\Public\Videos\videos\1268.mp4,28
3,7,C:\Users\Public\Videos\videos\2112.mp4,29
3,7,C:\Users\Public\Videos\videos\1119.mp4,30
3,7,C:\Users\Public\Videos\videos\0216.mp4,31
3,7,C:\Users\Public\Videos\videos\0630.mp4,32
3,7,C:\Users\Public\Videos\videos\0429.mp4,33
3,7,C:\Users\Public\Videos\videos\0736.mp4,34
3,7,C:\Users\Public\Videos\videos\1301.mp4,35
3,7,C:\Users\Public\Videos\videos\0653.mp4,36
3,8,C:\Users\Public\Videos\videos\2128.mp4,1
3,8,C:\Users\Public\Videos\videos\1450.mp4,2
3,8,C:\Users\Public\Videos\videos\0597.mp4,3
3,8,C:\Users\Public\Videos\videos\2164.mp4,4
3,8,C:\Users\Public\Videos\videos\0072.mp4,5
3,8,C:\Users\Public\Videos\videos\1696.mp4,6
3,8,C:\Users\Public\Videos\videos\1712.mp4,7
3,8,C:\Users\Public\Videos\videos\0480.mp4,8
3,8,C:\Users\Public\Videos\videos\0858.mp4,9
3,8,C:\Users\Public\Videos\videos\1574.mp4,10
3,8,C:\Users\Public\Videos\videos\1417.mp4,11
3,8,C:\Users\Public\Videos\videos\1029.mp4,12
3,8,C:\Users\Public\Videos\videos\1931.mp4,13
3,8,C:\Users\Public\Videos\videos\1509.mp4,14
3,8,C:\Users\Public\Videos\videos\0809.mp4,15
3,8,C:\Users\Public\Videos\videos\1207.mp4,16
3,8,C:\Users\Public\Videos\videos\1003.mp4,17
3,8,C:\Users\Public\Videos\videos\0816.mp4,18
3,8,C:\Users\Public\Videos\videos\0738.mp4,19
3,8,C:\Users\Public\Videos\videos\0634.mp4,20
3,8,C:\Users\Public\Videos\videos\1679.mp4,21
3,8,C:\Users\Public\Videos\videos\1614.mp4,22
3,8,C:\Users\Public\Videos\videos\0693.mp4,23
3,8,C:\Users\Public\Videos\videos\1625.mp4,24
3,8,C:\Users\Public\Videos\videos\0761.mp4,25
3,8,C:\Users\Public\Videos\videos\0358.mp4,26
3,8,C:\Users\Public\Videos\videos\1408.mp4,27
3,8,C:\Users\Public\Videos\videos\0285.mp4,28
3,8,C:\Users\Public\Videos\videos\2073.mp4,29
3,8,C:\Users\Public\Videos\videos\1956.mp4,30
3,8,C:\Users\Public\Videos\videos\0305.mp4,31
3,8,C:\Users\Public\Videos\videos\0767.mp4,32
3,8,C:\Users\Public\Videos\videos\1183.mp4,33
3,8,C:\Users\Public\Videos\videos\1312.mp4,34
3,8,C:\Users\Public\Videos\videos\1698.mp4,35
3,8,C:\Users\Public\Videos\videos\1525.mp4,36
4,1,C:\Users\Public\Videos\videos\1814.mp4,1
4,1,C:\Users\Public\Videos\videos\1432.mp4,2
4,1,C:\Users\Public\Videos\videos\0573.mp4,3
4,1,C:\Users\Public\Videos\videos\1866.mp4,4
4,1,C:\Users\Public\Videos\videos\0524.mp4,5
4,1,C:\Users\Public\Videos\videos\2042.mp4,6
4,1,C:\Users\Public\Videos\videos\2158.mp4,7
4,1,C:\Users\Public\Videos\videos\0666.mp4,8
4,1,C:\Users\Public\Videos\videos\1291.mp4,9
4,1,C:\Users\Public\Videos\videos\0125.mp4,10
4,1,C:\Users\Public\Videos\videos\1703.mp4,11
4,1,C:\Users\Public\Videos\videos\1559.mp4,12
4,1,C:\Users\Public\Videos\videos\1749.mp4,13
4,1,C:\Users\Public\Videos\videos\1357.mp4,14
4,1,C:\Users\Public\Videos\videos\1294.mp4,15
4,1,C:\Users\Public\Videos\videos\0043.mp4,16
4,1,C:\Users\Public\Videos\videos\1869.mp4,17
4,1,C:\Users\Public\Videos\videos\1966.mp4,18
4,1,C:\Users\Public\Videos\videos\1415.mp4,19
4,1,C:\Users\Public\Videos\videos\0517.mp4,20
4,1,C:\Users\Public\Videos\videos\1155.mp4,21
4,1,C:\Users\Public\Videos\videos\1994.mp4,22
4,1,C:\Users\Public\Videos\videos\0016.mp4,23
4,1,C:\Users\Public\Videos\videos\1753.mp4,24
4,1,C:\Users\Public\Videos\videos\0727.mp4,25
4,1,C:\Users\Public\Videos\videos\0935.mp4,26
4,1,C:\Users\Public\Videos\videos\0621.mp4,27
4,1,C:\Users\Public\Videos\videos\0475.mp4,28
4,1,C:\Users\Public\Videos\videos\1128.mp4,29
4,1,C:\Users\Public\Videos\videos\1750.mp4,30
4,1,C:\Users\Public\Videos\videos\0267.mp4,31
4,1,C:\Users\Public\Videos\videos\0343.mp4,32
4,1,C:\Users\Public\Videos\videos\1924.mp4,33
4,1,C:\Users\Public\Videos\videos\0060.mp4,34
4,1,C:\Users\Public\Videos\videos\1806.mp4,35
4,1,C:\Users\Public\Videos\videos\2153.mp4,36
4,2,C:\Users\Public\Videos\videos\0384.mp4,1
4,2,C:\Users\Public\Videos\videos\0583.mp4,2
4,2,C:\Users\Public\Videos\videos\0571.mp4,3
4,2,C:\Users\Public\Videos\videos\1335.mp4,4
4,2,C:\Users\Public\Videos\videos\1484.mp4,5
4,2,C:\Users\Public\Videos\videos\2103.mp4,6
4,2,C:\Users\Public\Videos\videos\1647.mp4,7
4,2,C:\Users\Public\Videos\videos\1651.mp4,8
4,2,C:\Users\Public\Videos\videos\0397.mp4,9
4,2,C:\Users\Public\Videos\videos\0134.mp4,10
4,2,C:\Users\Public\Videos\videos\1186.mp4,11
4,2,C:\Users\Public\Videos\videos\1885.mp4,12
4,2,C:\Users\Public\Videos\videos\1797.mp4,13
4,2,C:\Users\Public\Videos\videos\0765.mp4,14
4,2,C:\Users\Public\Videos\videos\0532.mp4,15
4,2,C:\Users\Public\Videos\videos\0423.mp4,16
4,2,C:\Users\Public\Videos\videos\0649.mp4,17
4,2,C:\Users\Public\Videos\videos\0987.mp4,18
4,2,C:\Users\Public\Videos\videos\0841.mp4,19
4,2,C:\Users\Public\Videos\videos\2157.mp4,20
4,2,C:\Users\Public\Videos\videos\1051.mp4,21
4,2,C:\Users\Public\Videos\videos\2172.mp4,22
4,2,C:\Users\Public\Videos\videos\0674.mp4,23
4,2,C:\Users\Public\Videos\videos\0062.mp4,24
4,2,C:\Users\Public\Videos\videos\1452.mp4,25
4,2,C:\Users\Public\Videos\videos\1282.mp4,26
4,2,C:\Users\Public\Videos\videos\1774.mp4,27
4,2,C:\Users\Public\Videos\videos\1773.mp4,28
4,2,C:\Users\Public\Videos\videos\0204.mp4,29
4,2,C:\Users\Public\Videos\videos\1252.mp4,30
4,2,C:\Users\Public\Videos\videos\0525.mp4,31
4,2,C:\Users\Public\Videos\videos\0592.mp4,32
4,2,C:\Users\Public\Videos\videos\0255.mp4,33
4,2,C:\Users\Public\Videos\videos\1012.mp4,34
4,2,C:\Users\Public\Videos\videos\1214.mp4,35
4,2,C:\Users\Public\Videos\videos\2053.mp4,36
4,3,C:\Users\Public\Videos\videos\1314.mp4,1
4,3,C:\Users\Public\Videos\videos\0177.mp4,2
4,3,C:\Users\Public\Videos\videos\0137.mp4,3
4,3,C:\Users\Public\Videos\videos\0869.mp4,4
4,3,C:\Users\Public\Videos\videos\1247.mp4,5
4,3,C:\Users\Public\Videos\videos\1803.mp4,6
4,3,C:\Users\Public\Videos\videos\0627.mp4,7
4,3,C:\Users\Public\Videos\videos\1285.mp4,8
4,3,C:\Users\Public\Videos\videos\0880.mp4,9
4,3,C:\Users\Public\Videos\videos\1137.mp4,10
4,3,C:\Users\Public\Videos\videos\1474.mp4,11
4,3,C:\Users\Public\Videos\videos\0901.mp4,12
4,3,C:\Users\Public\Videos\videos\1466.mp4,13
4,3,C:\Users\Public\Videos\videos\1634.mp4,14
4,3,C:\Users\Public\Videos\videos\1491.mp4,15
4,3,C:\Users\Public\Videos\videos\0341.mp4,16
4,3,C:\Users\Public\Videos\videos\0529.mp4,17
4,3,C:\Users\Public\Videos\videos\0606.mp4,18
4,3,C:\Users\Public\Videos\videos\0190.mp4,19
4,3,C:\Users\Public\Videos\videos\2179.mp4,20
4,3,C:\Users\Public\Videos\videos\2087.mp4,21
4,3,C:\Users\Public\Videos\videos\1545.mp4,22
4,3,C:\Users\Public\Videos\videos\2152.mp4,23
4,3,C:\Users\Public\Videos\videos\1779.mp4,24
4,3,C:\Users\Public\Videos\videos\0228.mp4,25
4,3,C:\Users\Public\Videos\videos\0755.mp4,26
4,3,C:\Users\Public\Videos\videos\1552.mp4,27
4,3,C:\Users\Public\Videos\videos\1624.mp4,28
4,3,C:\Users\Public\Videos\videos\1686.mp4,29
4,3,C:\Users\Public\Videos\videos\0663.mp4,30
4,3,C:\Users\Public\Videos\videos\0332.mp4,31
4,3,C:\Users\Public\Videos\videos\1832.mp4,32
4,3,C:\Users\Public\Videos\videos\1043.mp4,33
4,3,C:\Users\Public\Videos\videos\0325.mp4,34
4,3,C:\Users\Public\Videos\videos\0012.mp4,35
4,3,C:\Users\Public\Videos\videos\1196.mp4,36
4,4,C:\Users\Public\Videos\videos\1992.mp4,1
4,4,C:\Users\Public\Videos\videos\0227.mp4,2
4,4,C:\Users\Public\Videos\videos\0297.mp4,3
4,4,C:\Users\Public\Videos\videos\0388.mp4,4
4,4,C:\Users\Public\Videos\videos\0575.mp4,5
4,4,C:\Users\Public\Videos\videos\1669.mp4,6
4,4,C:\Users\Public\Videos\videos\1678.mp4,7
4,4,C:\Users\Public\Videos\videos\0999.mp4,8
4,4,C:\Users\Public\Videos\videos\0948.mp4,9
4,4,C:\Users\Public\Videos\videos\1822.mp4,10
4,4,C:\Users\Public\Videos\videos\1652.mp4,11
4,4,C:\Users\Public\Videos\videos\0220.mp4,12
4,4,C:\Users\Public\Videos\videos\1434.mp4,13
4,4,C:\Users\Public\Videos\videos\0333.mp4,14
4,4,C:\Users\Public\Videos\videos\0478.mp4,15
4,4,C:\Users\Public\Videos\videos\1738.mp4,16
4,4,C:\Users\Public\Videos\videos\1685.mp4,17
4,4,C:\Users\Public\Videos\videos\0350.mp4,18
4,4,C:\Users\Public\Videos\videos\0021.mp4,19
4,4,C:\Users\Public\Videos\videos\0406.mp4,20
4,4,C:\Users\Public\Videos\videos\1039.mp4,21
4,4,C:\Users\Public\Videos\videos\1406.mp4,22
4,4,C:\Users\Public\Videos\videos\1605.mp4,23
4,4,C:\Users\Public\Videos\videos\0831.mp4,24
4,4,C:\Users\Public\Videos\videos\1076.mp4,25
4,4,C:\Users\Public\Videos\videos\1235.mp4,26
4,4,C:\Users\Public\Videos\videos\1203.mp4,27
4,4,C:\Users\Public\Videos\videos\1034.mp4,28
4,4,C:\Users\Public\Videos\videos\1824.mp4,29
4,4,C:\Users\Public\Videos\videos\0035.mp4,30
4,4,C:\Users\Public\Videos\videos\0399.mp4,31
4,4,C:\Users\Public\Videos\videos\1159.mp4,32
4,4,C:\Users\Public\Videos\videos\1640.mp4,33
4,4,C:\Users\Public\Videos\videos\1586.mp4,34
4,4,C:\Users\Public\Videos\videos\0437.mp4,35
4,4,C:\Users\Public\Videos\videos\0997.mp4,36
4,5,C:\Users\Public\Videos\videos\0377.mp4,1
4,5,C:\Users\Public\Videos\videos\1904.mp4,2
4,5,C:\Users\Public\Videos\videos\2095.mp4,3
4,5,C:\Users\Public\Videos\videos\0380.mp4,4
4,5,C:\Users\Public\Videos\videos\0053.mp4,5
4,5,C:\Users\Public\Videos\videos\2041.mp4,6
4,5,C:\Users\Public\Videos\videos\1649.mp4,7
4,5,C:\Users\Public\Videos\videos\1493.mp4,8
4,5,C:\Users\Public\Videos\videos\0889.mp4,9
4,5,C:\Users\Public\Videos\videos\1318.mp4,10
4,5,C:\Users\Public\Videos\videos\1175.mp4,11
4,5,C:\Users\Public\Videos\videos\0974.mp4,12
4,5,C:\Users\Public\Videos\videos\1177.mp4,13
4,5,C:\Users\Public\Videos\videos\1370.mp4,14
4,5,C:\Users\Public\Videos\videos\0679.mp4,15
4,5,C:\Users\Public\Videos\videos\2071.mp4,16
4,5,C:\Users\Public\Videos\videos\0476.mp4,17
4,5,C:\Users\Public\Videos\videos\2058.mp4,18
4,5,C:\Users\Public\Videos\videos\1085.mp4,19
4,5,C:\Users\Public\Videos\videos\1515.mp4,20
4,5,C:\Users\Public\Videos\videos\2031.mp4,21
4,5,C:\Users\Public\Videos\videos\1868.mp4,22
4,5,C:\Users\Public\Videos\videos\0699.mp4,23
4,5,C:\Users\Public\Videos\videos\1429.mp4,24
4,5,C:\Users\Public\Videos\videos\1093.mp4,25
4,5,C:\Users\Public\Videos\videos\0598.mp4,26
4,5,C:\Users\Public\Videos\videos\1725.mp4,27
4,5,C:\Users\Public\Videos\videos\1065.mp4,28
4,5,C:\Users\Public\Videos\videos\1212.mp4,29
4,5,C:\Users\Public\Videos\videos\1096.mp4,30
4,5,C:\Users\Public\Videos\videos\1830.mp4,31
4,5,C:\Users\Public\Videos\videos\1724.mp4,32
4,5,C:\Users\Public\Videos\videos\1201.mp4,33
4,5,C:\Users\Public\Videos\videos\1813.mp4,34
4,5,C:\Users\Public\Videos\videos\1612.mp4,35
4,5,C:\Users\Public\Videos\videos\0513.mp4,36
4,6,C:\Users\Public\Videos\videos\2194.mp4,1
4,6,C:\Users\Public\Videos\videos\2032.mp4,2
4,6,C:\Users\Public\Videos\videos\0099.mp4,3
4,6,C:\Users\Public\Videos\videos\1265.mp4,4
4,6,C:\Users\Public\Videos\videos\0207.mp4,5
4,6,C:\Users\Public\Videos\videos\0029.mp4,6
4,6,C:\Users\Public\Videos\videos\0266.mp4,7
4,6,C:\Users\Public\Videos\videos\0189.mp4,8
4,6,C:\Users\Public\Videos\videos\0690.mp4,9
4,6,C:\Users\Public\Videos\videos\0473.mp4,10
4,6,C:\Users\Public\Videos\videos\1045.mp4,11
4,6,C:\Users\Public\Videos\videos\0075.mp4,12
4,6,C:\Users\Public\Videos\videos\1396.mp4,13
4,6,C:\Users\Public\Videos\videos\1303.mp4,14
4,6,C:\Users\Public\Videos\videos\2118.mp4,15
4,6,C:\Users\Public\Videos\videos\1578.mp4,16
4,6,C:\Users\Public\Videos\videos\1871.mp4,17
4,6,C:\Users\Public\Videos\videos\0152.mp4,18
4,6,C:\Users\Public\Videos\videos\1033.mp4,19
4,6,C:\Users\Public\Videos\videos\1430.mp4,20
4,6,C:\Users\Public\Videos\videos\1313.mp4,21
4,6,C:\Users\Public\Videos\videos\0537.mp4,22
4,6,C:\Users\Public\Videos\videos\1672.mp4,23
4,6,C:\Users\Public\Videos\videos\2052.mp4,24
4,6,C:\Users\Public\Videos\videos\1143.mp4,25
4,6,C:\Users\Public\Videos\videos\0466.mp4,26
4,6,C:\Users\Public\Videos\videos\0346.mp4,27
4,6,C:\Users\Public\Videos\videos\0025.mp4,28
4,6,C:\Users\Public\Videos\videos\0768.mp4,29
4,6,C:\Users\Public\Videos\videos\1008.mp4,30
4,6,C:\Users\Public\Videos\videos\1528.mp4,31
4,6,C:\Users\Public\Videos\videos\0387.mp4,32
4,6,C:\Users\Public\Videos\videos\0047.mp4,33
4,6,C:\Users\Public\Videos\videos\1518.mp4,34
4,6,C:\Users\Public\Videos\videos\1700.mp4,35
4,6,C:\Users\Public\Videos\videos\1606.mp4,36
4,7,C:\Users\Public\Videos\videos\2192.mp4,1
4,7,C:\Users\Public\Videos\videos\0090.mp4,2
4,7,C:\Users\Public\Videos\videos\0548.mp4,3
4,7,C:\Users\Public\Videos\videos\1369.mp4,4
4,7,C:\Users\Public\Videos\videos\1248.mp4,5
4,7,C:\Users\Public\Videos\videos\1555.mp4,6
4,7,C:\Users\Public\Videos\videos\1694.mp4,7
4,7,C:\Users\Public\Videos\videos\1598.mp4,8
4,7,C:\Users\Public\Videos\videos\0700.mp4,9
4,7,C:\Users\Public\Videos\videos\0463.mp4,10
4,7,C:\Users\Public\Videos\videos\0326.mp4,11
4,7,C:\Users\Public\Videos\videos\0484.mp4,12
4,7,C:\Users\Public\Videos\videos\1546.mp4,13
4,7,C:\Users\Public\Videos\videos\1973.mp4,14
4,7,C:\Users\Public\Videos\videos\2016.mp4,15
4,7,C:\Users\Public\Videos\videos\0336.mp4,16
4,7,C:\Users\Public\Videos\videos\0829.mp4,17
4,7,C:\Users\Public\Videos\videos\1857.mp4,18
4,7,C:\Users\Public\Videos\videos\0272.mp4,19
4,7,C:\Users\Public\Videos\videos\0648.mp4,20
4,7,C:\Users\Public\Videos\videos\0977.mp4,21
4,7,C:\Users\Public\Videos\videos\0940.mp4,22
4,7,C:\Users\Public\Videos\videos\2142.mp4,23
4,7,C:\Users\Public\Videos\videos\0120.mp4,24
4,7,C:\Users\Public\Videos\videos\1673.mp4,25
4,7,C:\Users\Public\Videos\videos\1346.mp4,26
4,7,C:\Users\Public\Videos\videos\1713.mp4,27
4,7,C:\Users\Public\Videos\videos\1503.mp4,28
4,7,C:\Users\Public\Videos\videos\1561.mp4,29
4,7,C:\Users\Public\Videos\videos\1729.mp4,30
4,7,C:\Users\Public\Videos\videos\1398.mp4,31
4,7,C:\Users\Public\Videos\videos\0226.mp4,32
4,7,C:\Users\Public\Videos\videos\2025.mp4,33
4,7,C:\Users\Public\Videos\videos\0136.mp4,34
4,7,C:\Users\Public\Videos\videos\0379.mp4,35
4,7,C:\Users\Public\Videos\videos\0807.mp4,36
4,8,C:\Users\Public\Videos\videos\1789.mp4,1
4,8,C:\Users\Public\Videos\videos\0851.mp4,2
4,8,C:\Users\Public\Videos\videos\1072.mp4,3
4,8,C:\Users\Public\Videos\videos\1939.mp4,4
4,8,C:\Users\Public\Videos\videos\0118.mp4,5
4,8,C:\Users\Public\Videos\videos\1228.mp4,6
4,8,C:\Users\Public\Videos\videos\0298.mp4,7
4,8,C:\Users\Public\Videos\videos\0250.mp4,8
4,8,C:\Users\Public\Videos\videos\1522.mp4,9
4,8,C:\Users\Public\Videos\videos\0827.mp4,10
4,8,C:\Users\Public\Videos\videos\0308.mp4,11
4,8,C:\Users\Public\Videos\videos\1038.mp4,12
4,8,C:\Users\Public\Videos\videos\1147.mp4,13
4,8,C:\Users\Public\Videos\videos\1409.mp4,14
4,8,C:\Users\Public\Videos\videos\0256.mp4,15
4,8,C:\Users\Public\Videos\videos\0870.mp4,16
4,8,C:\Users\Public\Videos\videos\1443.mp4,17
4,8,C:\Users\Public\Videos\videos\0077.mp4,18
4,8,C:\Users\Public\Videos\videos\1765.mp4,19
4,8,C:\Users\Public\Videos\videos\1105.mp4,20
4,8,C:\Users\Public\Videos\videos\0187.mp4,21
4,8,C:\Users\Public\Videos\videos\1769.mp4,22
4,8,C:\Users\Public\Videos\videos\1863.mp4,23
4,8,C:\Users\Public\Videos\videos\1272.mp4,24
4,8,C:\Users\Public\Videos\videos\2144.mp4,25
4,8,C:\Users\Public\Videos\videos\0603.mp4,26
4,8,C:\Users\Public\Videos\videos\0763.mp4,27
4,8,C:\Users\Public\Videos\videos\0626.mp4,28
4,8,C:\Users\Public\Videos\videos\0409.mp4,29
4,8,C:\Users\Public\Videos\videos\1125.mp4,30
4,8,C:\Users\Public\Videos\videos\0106.mp4,31
4,8,C:\Users\Public\Videos\videos\1476.mp4,32
4,8,C:\Users\Public\Videos\videos\2151.mp4,33
4,8,C:\Users\Public\Videos\videos\1730.mp4,34
4,8,C:\Users\Public\Videos\videos\1238.mp4,35
4,8,C:\Users\Public\Videos\videos\1436.mp4,36
5,1,C:\Users\Public\Videos\videos\1843.mp4,1
5,1,C:\Users\Public\Videos\videos\2123.mp4,2
5,1,C:\Users\Public\Videos\videos\0098.mp4,3
5,1,C:\Users\Public\Videos\videos\1447.mp4,4
5,1,C:\Users\Public\Videos\videos\2061.mp4,5
5,1,C:\Users\Public\Videos\videos\1227.mp4,6
5,1,C:\Users\Public\Videos\videos\0898.mp4,7
5,1,C:\Users\Public\Videos\videos\1751.mp4,8
5,1,C:\Users\Public\Videos\videos\1579.mp4,9
5,1,C:\Users\Public\Videos\videos\0896.mp4,10
5,1,C:\Users\Public\Videos\videos\0420.mp4,11
5,1,C:\Users\Public\Videos\videos\1611.mp4,12
5,1,C:\Users\Public\Videos\videos\2040.mp4,13
5,1,C:\Users\Public\Videos\videos\2066.mp4,14
5,1,C:\Users\Public\Videos\videos\0552.mp4,15
5,1,C:\Users\Public\Videos\videos\1001.mp4,16
5,1,C:\Users\Public\Videos\videos\0501.mp4,17
5,1,C:\Users\Public\Videos\videos\1947.mp4,18
5,1,C:\Users\Public\Videos\videos\1293.mp4,19
5,1,C:\Users\Public\Videos\videos\1603.mp4,20
5,1,C:\Users\Public\Videos\videos\1945.mp4,21
5,1,C:\Users\Public\Videos\videos\1326.mp4,22
5,1,C:\Users\Public\Videos\videos\1435.mp4,23
5,1,C:\Users\Public\Videos\videos\1626.mp4,24
5,1,C:\Users\Public\Videos\videos\2180.mp4,25
5,1,C:\Users\Public\Videos\videos\1205.mp4,26
5,1,C:\Users\Public\Videos\videos\0049.mp4,27
5,1,C:\Users\Public\Videos\videos\0469.mp4,28
5,1,C:\Users\Public\Videos\videos\2141.mp4,29
5,1,C:\Users\Public\Videos\videos\1233.mp4,30
5,1,C:\Users\Public\Videos\videos\0279.mp4,31
5,1,C:\Users\Public\Videos\videos\2165.mp4,32
5,1,C:\Users\Public\Videos\videos\0696.mp4,33
5,1,C:\Users\Public\Videos\videos\1080.mp4,34
5,1,C:\Users\Public\Videos\videos\2104.mp4,35
5,1,C:\Users\Public\Videos\videos\0474.mp4,36
5,2,C:\Users\Public\Videos\videos\0645.mp4,1
5,2,C:\Users\Public\Videos\videos\1322.mp4,2
5,2,C:\Users\Public\Videos\videos\0638.mp4,3
5,2,C:\Users\Public\Videos\videos\0425.mp4,4
5,2,C:\Users\Public\Videos\videos\1187.mp4,5
5,2,C:\Users\Public\Videos\videos\2063.mp4,6
5,2,C:\Users\Public\Videos\videos\1903.mp4,7
5,2,C:\Users\Public\Videos\videos\0614.mp4,8
5,2,C:\Users\Public\Videos\videos\0104.mp4,9
5,2,C:\Users\Public\Videos\videos\0032.mp4,10
5,2,C:\Users\Public\Videos\videos\1381.mp4,11
5,2,C:\Users\Public\Videos\videos\0563.mp4,12
5,2,C:\Users\Public\Videos\videos\1498.mp4,13
5,2,C:\Users\Public\Videos\videos\1006.mp4,14
5,2,C:\Users\Public\Videos\videos\0803.mp4,15
5,2,C:\Users\Public\Videos\videos\1018.mp4,16
5,2,C:\Users\Public\Videos\videos\2170.mp4,17
5,2,C:\Users\Public\Videos\videos\1371.mp4,18
5,2,C:\Users\Public\Videos\videos\1023.mp4,19
5,2,C:\Users\Public\Videos\videos\0845.mp4,20
5,2,C:\Users\Public\Videos\videos\1113.mp4,21
5,2,C:\Users\Public\Videos\videos\0188.mp4,22
5,2,C:\Users\Public\Videos\videos\1692.mp4,23
5,2,C:\Users\Public\Videos\videos\0508.mp4,24
5,2,C:\Users\Public\Videos\videos\0943.mp4,25
5,2,C:\Users\Public\Videos\videos\0808.mp4,26
5,2,C:\Users\Public\Videos\videos\0802.mp4,27
5,2,C:\Users\Public\Videos\videos\0301.mp4,28
5,2,C:\Users\Public\Videos\videos\1646.mp4,29
5,2,C:\Users\Public\Videos\videos\0434.mp4,30
5,2,C:\Users\Public\Videos\videos\1296.mp4,31
5,2,C:\Users\Public\Videos\videos\1223.mp4,32
5,2,C:\Users\Public\Videos\videos\1471.mp4,33
5,2,C:\Users\Public\Videos\videos\0260.mp4,34
5,2,C:\Users\Public\Videos\videos\1226.mp4,35
5,2,C:\Users\Public\Videos\videos\1094.mp4,36
5,3,C:\Users\Public\Videos\videos\1002.mp4,1
5,3,C:\Users\Public\Videos\videos\1456.mp4,2
5,3,C:\Users\Public\Videos\videos\0275.mp4,3
5,3,C:\Users\Public\Videos\videos\2001.mp4,4
5,3,C:\Users\Public\Videos\videos\2005.mp4,5
5,3,C:\Users\Public\Videos\videos\1392.mp4,6
5,3,C:\Users\Public\Videos\videos\1844.mp4,7
5,3,C:\Users\Public\Videos\videos\1337.mp4,8
5,3,C:\Users\Public\Videos\videos\1338.mp4,9
5,3,C:\Users\Public\Videos\videos\1735.mp4,10
5,3,C:\Users\Public\Videos\videos\0138.mp4,11
5,3,C:\Users\Public\Videos\videos\2044.mp4,12
5,3,C:\Users\Public\Videos\videos\2006.mp4,13
5,3,C:\Users\Public\Videos\videos\1733.mp4,14
5,3,C:\Users\Public\Videos\videos\2121.mp4,15
5,3,C:\Users\Public\Videos\videos\0873.mp4,16
5,3,C:\Users\Public\Videos\videos\0718.mp4,17
5,3,C:\Users\Public\Videos\videos\2149.mp4,18
5,3,C:\Users\Public\Videos\videos\0307.mp4,19
5,3,C:\Users\Public\Videos\videos\1197.mp4,20
5,3,C:\Users\Public\Videos\videos\0908.mp4,21
5,3,C:\Users\Public\Videos\videos\0214.mp4,22
5,3,C:\Users\Public\Videos\videos\1607.mp4,23
5,3,C:\Users\Public\Videos\videos\1691.mp4,24
5,3,C:\Users\Public\Videos\videos\1901.mp4,25
5,3,C:\Users\Public\Videos\videos\2029.mp4,26
5,3,C:\Users\Public\Videos\videos\1257.mp4,27
5,3,C:\Users\Public\Videos\videos\1633.mp4,28
5,3,C:\Users\Public\Videos\videos\0996.mp4,29
5,3,C:\Users\Public\Videos\videos\1927.mp4,30
5,3,C:\Users\Public\Videos\videos\1348.mp4,31
5,3,C:\Users\Public\Videos\videos\1787.mp4,32
5,3,C:\Users\Public\Videos\videos\0178.mp4,33
5,3,C:\Users\Public\Videos\videos\1864.mp4,34
5,3,C:\Users\Public\Videos\videos\1365.mp4,35
5,3,C:\Users\Public\Videos\videos\0707.mp4,36
5,4,C:\Users\Public\Videos\videos\0367.mp4,1
5,4,C:\Users\Public\Videos\videos\1714.mp4,2
5,4,C:\Users\Public\Videos\videos\1591.mp4,3
5,4,C:\Users\Public\Videos\videos\0810.mp4,4
5,4,C:\Users\Public\Videos\videos\0534.mp4,5
5,4,C:\Users\Public\Videos\videos\0979.mp4,6
5,4,C:\Users\Public\Videos\videos\0965.mp4,7
5,4,C:\Users\Public\Videos\videos\2193.mp4,8
5,4,C:\Users\Public\Videos\videos\2072.mp4,9
5,4,C:\Users\Public\Videos\videos\2019.mp4,10
5,4,C:\Users\Public\Videos\videos\1977.mp4,11
5,4,C:\Users\Public\Videos\videos\1193.mp4,12
5,4,C:\Users\Public\Videos\videos\0070.mp4,13
5,4,C:\Users\Public\Videos\videos\1188.mp4,14
5,4,C:\Users\Public\Videos\videos\0162.mp4,15
5,4,C:\Users\Public\Videos\videos\1010.mp4,16
5,4,C:\Users\Public\Videos\videos\1767.mp4,17
5,4,C:\Users\Public\Videos\videos\0973.mp4,18
5,4,C:\Users\Public\Videos\videos\0492.mp4,19
5,4,C:\Users\Public\Videos\videos\1535.mp4,20
5,4,C:\Users\Public\Videos\videos\1158.mp4,21
5,4,C:\Users\Public\Videos\videos\1345.mp4,22
5,4,C:\Users\Public\Videos\videos\2159.mp4,23
5,4,C:\Users\Public\Videos\videos\1550.mp4,24
5,4,C:\Users\Public\Videos\videos\0051.mp4,25
5,4,C:\Users\Public\Videos\videos\1782.mp4,26
5,4,C:\Users\Public\Videos\videos\0418.mp4,27
5,4,C:\Users\Public\Videos\videos\0969.mp4,28
5,4,C:\Users\Public\Videos\videos\1744.mp4,29
5,4,C:\Users\Public\Videos\videos\1138.mp4,30
5,4,C:\Users\Public\Videos\videos\1331.mp4,31
5,4,C:\Users\Public\Videos\videos\1985.mp4,32
5,4,C:\Users\Public\Videos\videos\0629.mp4,33
5,4,C:\Users\Public\Videos\videos\0725.mp4,34
5,4,C:\Users\Public\Videos\videos\0468.mp4,35
5,4,C:\Users\Public\Videos\videos\2102.mp4,36
5,5,C:\Users\Public\Videos\videos\1053.mp4,1
5,5,C:\Users\Public\Videos\videos\0413.mp4,2
5,5,C:\Users\Public\Videos\videos\1715.mp4,3
5,5,C:\Users\Public\Videos\videos\1104.mp4,4
5,5,C:\Users\Public\Videos\videos\1661.mp4,5
5,5,C:\Users\Public\Videos\videos\0172.mp4,6
5,5,C:\Users\Public\Videos\videos\1942.mp4,7
5,5,C:\Users\Public\Videos\videos\0927.mp4,8
5,5,C:\Users\Public\Videos\videos\0753.mp4,9
5,5,C:\Users\Public\Videos\videos\1619.mp4,10
5,5,C:\Users\Public\Videos\videos\1662.mp4,11
5,5,C:\Users\Public\Videos\videos\0643.mp4,12
5,5,C:\Users\Public\Videos\videos\0567.mp4,13
5,5,C:\Users\Public\Videos\videos\0742.mp4,14
5,5,C:\Users\Public\Videos\videos\0446.mp4,15
5,5,C:\Users\Public\Videos\videos\1991.mp4,16
5,5,C:\Users\Public\Videos\videos\0555.mp4,17
5,5,C:\Users\Public\Videos\videos\1654.mp4,18
5,5,C:\Users\Public\Videos\videos\0430.mp4,19
5,5,C:\Users\Public\Videos\videos\1934.mp4,20
5,5,C:\Users\Public\Videos\videos\1394.mp4,21
5,5,C:\Users\Public\Videos\videos\1590.mp4,22
5,5,C:\Users\Public\Videos\videos\1146.mp4,23
5,5,C:\Users\Public\Videos\videos\1279.mp4,24
5,5,C:\Users\Public\Videos\videos\1849.mp4,25
5,5,C:\Users\Public\Videos\videos\1615.mp4,26
5,5,C:\Users\Public\Videos\videos\0902.mp4,27
5,5,C:\Users\Public\Videos\videos\2182.mp4,28
5,5,C:\Users\Public\Videos\videos\1671.mp4,29
5,5,C:\Users\Public\Videos\videos\1762.mp4,30
5,5,C:\Users\Public\Videos\videos\0328.mp4,31
5,5,C:\Users\Public\Videos\videos\2137.mp4,32
5,5,C:\Users\Public\Videos\videos\0721.mp4,33
5,5,C:\Users\Public\Videos\videos\1142.mp4,34
5,5,C:\Users\Public\Videos\videos\0498.mp4,35
5,5,C:\Users\Public\Videos\videos\0639.mp4,36
5,6,C:\Users\Public\Videos\videos\0503.mp4,1
5,6,C:\Users\Public\Videos\videos\0405.mp4,2
5,6,C:\Users\Public\Videos\videos\1123.mp4,3
5,6,C:\Users\Public\Videos\videos\2176.mp4,4
5,6,C:\Users\Public\Videos\videos\0676.mp4,5
5,6,C:\Users\Public\Videos\videos\1229.mp4,6
5,6,C:\Users\Public\Videos\videos\0772.mp4,7
5,6,C:\Users\Public\Videos\videos\0441.mp4,8
5,6,C:\Users\Public\Videos\videos\0375.mp4,9
5,6,C:\Users\Public\Videos\videos\0984.mp4,10
5,6,C:\Users\Public\Videos\videos\0951.mp4,11
5,6,C:\Users\Public\Videos\videos\0983.mp4,12
5,6,C:\Users\Public\Videos\videos\2039.mp4,13
5,6,C:\Users\Public\Videos\videos\0608.mp4,14
5,6,C:\Users\Public\Videos\videos\0287.mp4,15
5,6,C:\Users\Public\Videos\videos\1886.mp4,16
5,6,C:\Users\Public\Videos\videos\0893.mp4,17
5,6,C:\Users\Public\Videos\videos\1048.mp4,18
5,6,C:\Users\Public\Videos\videos\0203.mp4,19
5,6,C:\Users\Public\Videos\videos\0993.mp4,20
5,6,C:\Users\Public\Videos\videos\1684.mp4,21
5,6,C:\Users\Public\Videos\videos\0281.mp4,22
5,6,C:\Users\Public\Videos\videos\1446.mp4,23
5,6,C:\Users\Public\Videos\videos\1708.mp4,24
5,6,C:\Users\Public\Videos\videos\0018.mp4,25
5,6,C:\Users\Public\Videos\videos\0644.mp4,26
5,6,C:\Users\Public\Videos\videos\1198.mp4,27
5,6,C:\Users\Public\Videos\videos\0547.mp4,28
5,6,C:\Users\Public\Videos\videos\1315.mp4,29
5,6,C:\Users\Public\Videos\videos\0660.mp4,30
5,6,C:\Users\Public\Videos\videos\0426.mp4,31
5,6,C:\Users\Public\Videos\videos\1588.mp4,32
5,6,C:\Users\Public\Videos\videos\1890.mp4,33
5,6,C:\Users\Public\Videos\videos\1795.mp4,34
5,6,C:\Users\Public\Videos\videos\1873.mp4,35
5,6,C:\Users\Public\Videos\videos\2004.mp4,36
5,7,C:\Users\Public\Videos\videos\1699.mp4,1
5,7,C:\Users\Public\Videos\videos\0760.mp4,2
5,7,C:\Users\Public\Videos\videos\1393.mp4,3
5,7,C:\Users\Public\Videos\videos\1878.mp4,4
5,7,C:\Users\Public\Videos\videos\1480.mp4,5
5,7,C:\Users\Public\Videos\videos\0504.mp4,6
5,7,C:\Users\Public\Videos\videos\1833.mp4,7
5,7,C:\Users\Public\Videos\videos\1784.mp4,8
5,7,C:\Users\Public\Videos\videos\1742.mp4,9
5,7,C:\Users\Public\Videos\videos\1049.mp4,10
5,7,C:\Users\Public\Videos\videos\1386.mp4,11
5,7,C:\Users\Public\Videos\videos\0327.mp4,12
5,7,C:\Users\Public\Videos\videos\0201.mp4,13
5,7,C:\Users\Public\Videos\videos\0625.mp4,14
5,7,C:\Users\Public\Videos\videos\1363.mp4,15
5,7,C:\Users\Public\Videos\videos\1982.mp4,16
5,7,C:\Users\Public\Videos\videos\2162.mp4,17
5,7,C:\Users\Public\Videos\videos\0143.mp4,18
5,7,C:\Users\Public\Videos\videos\1704.mp4,19
5,7,C:\Users\Public\Videos\videos\0175.mp4,20
5,7,C:\Users\Public\Videos\videos\1808.mp4,21
5,7,C:\Users\Public\Videos\videos\0372.mp4,22
5,7,C:\Users\Public\Videos\videos\0141.mp4,23
5,7,C:\Users\Public\Videos\videos\1170.mp4,24
5,7,C:\Users\Public\Videos\videos\1650.mp4,25
5,7,C:\Users\Public\Videos\videos\1079.mp4,26
5,7,C:\Users\Public\Videos\videos\1082.mp4,27
5,7,C:\Users\Public\Videos\videos\1300.mp4,28
5,7,C:\Users\Public\Videos\videos\0964.mp4,29
5,7,C:\Users\Public\Videos\videos\1470.mp4,30
5,7,C:\Users\Public\Videos\videos\1210.mp4,31
5,7,C:\Users\Public\Videos\videos\1732.mp4,32
5,7,C:\Users\Public\Videos\videos\1681.mp4,33
5,7,C:\Users\Public\Videos\videos\0557.mp4,34
5,7,C:\Users\Public\Videos\videos\0994.mp4,35
5,7,C:\Users\Public\Videos\videos\1571.mp4,36
5,8,C:\Users\Public\Videos\videos\0210.mp4,1
5,8,C:\Users\Public\Videos\videos\1902.mp4,2
5,8,C:\Users\Public\Videos\videos\0057.mp4,3
5,8,C:\Users\Public\Videos\videos\1793.mp4,4
5,8,C:\Users\Public\Videos\videos\0225.mp4,5
5,8,C:\Users\Public\Videos\videos\0235.mp4,6
5,8,C:\Users\Public\Videos\videos\1576.mp4,7
5,8,C:\Users\Public\Videos\videos\1295.mp4,8
5,8,C:\Users\Public\Videos\videos\2113.mp4,9
5,8,C:\Users\Public\Videos\videos\0883.mp4,10
5,8,C:\Users\Public\Videos\videos\0622.mp4,11
5,8,C:\Users\Public\Videos\videos\1683.mp4,12
5,8,C:\Users\Public\Videos\videos\0830.mp4,13
5,8,C:\Users\Public\Videos\videos\1020.mp4,14
5,8,C:\Users\Public\Videos\videos\2033.mp4,15
5,8,C:\Users\Public\Videos\videos\1231.mp4,16
5,8,C:\Users\Public\Videos\videos\1317.mp4,17
5,8,C:\Users\Public\Videos\videos\0302.mp4,18
5,8,C:\Users\Public\Videos\videos\0545.mp4,19
5,8,C:\Users\Public\Videos\videos\0665.mp4,20
5,8,C:\Users\Public\Videos\videos\0001.mp4,21
5,8,C:\Users\Public\Videos\videos\0470.mp4,22
5,8,C:\Users\Public\Videos\videos\1516.mp4,23
5,8,C:\Users\Public\Videos\videos\1867.mp4,24
5,8,C:\Users\Public\Videos\videos\1475.mp4,25
5,8,C:\Users\Public\Videos\videos\0542.mp4,26
5,8,C:\Users\Public\Videos\videos\1366.mp4,27
5,8,C:\Users\Public\Videos\videos\1332.mp4,28
5,8,C:\Users\Public\Videos\videos\1328.mp4,29
5,8,C:\Users\Public\Videos\videos\0520.mp4,30
5,8,C:\Users\Public\Videos\videos\1676.mp4,31
5,8,C:\Users\Public\Videos\videos\1384.mp4,32
5,8,C:\Users\Public\Videos\videos\0786.mp4,33
5,8,C:\Users\Public\Videos\videos\1253.mp4,34
5,8,C:\Users\Public\Videos\videos\1959.mp4,35
5,8,C:\Users\Public\Videos\videos\1451.mp4,36
6,1,C:\Users\Public\Videos\videos\2190.mp4,1
6,1,C:\Users\Public\Videos\videos\1880.mp4,2
6,1,C:\Users\Public\Videos\videos\0023.mp4,3
6,1,C:\Users\Public\Videos\videos\1225.mp4,4
6,1,C:\Users\Public\Videos\videos\0179.mp4,5
6,1,C:\Users\Public\Videos\videos\1074.mp4,6
6,1,C:\Users\Public\Videos\videos\1707.mp4,7
6,1,C:\Users\Public\Videos\videos\0527.mp4,8
6,1,C:\Users\Public\Videos\videos\1416.mp4,9
6,1,C:\Users\Public\Videos\videos\0153.mp4,10
6,1,C:\Users\Public\Videos\videos\0887.mp4,11
6,1,C:\Users\Public\Videos\videos\1154.mp4,12
6,1,C:\Users\Public\Videos\videos\1149.mp4,13
6,1,C:\Users\Public\Videos\videos\1062.mp4,14
6,1,C:\Users\Public\Videos\videos\0322.mp4,15
6,1,C:\Users\Public\Videos\videos\0656.mp4,16
6,1,C:\Users\Public\Videos\videos\1631.mp4,17
6,1,C:\Users\Public\Videos\videos\0533.mp4,18
6,1,C:\Users\Public\Videos\videos\0749.mp4,19
6,1,C:\Users\Public\Videos\videos\1604.mp4,20
6,1,C:\Users\Public\Videos\videos\0088.mp4,21
6,1,C:\Users\Public\Videos\videos\1221.mp4,22
6,1,C:\Users\Public\Videos\videos\0002.mp4,23
6,1,C:\Users\Public\Videos\videos\0112.mp4,24
6,1,C:\Users\Public\Videos\videos\0164.mp4,25
6,1,C:\Users\Public\Videos\videos\0990.mp4,26
6,1,C:\Users\Public\Videos\videos\1350.mp4,27
6,1,C:\Users\Public\Videos\videos\0954.mp4,28
6,1,C:\Users\Public\Videos\videos\1442.mp4,29
6,1,C:\Users\Public\Videos\videos\0180.mp4,30
6,1,C:\Users\Public\Videos\videos\0891.mp4,31
6,1,C:\Users\Public\Videos\videos\1482.mp4,32
6,1,C:\Users\Public\Videos\videos\1448.mp4,33
6,1,C:\Users\Public\Videos\videos\0607.mp4,34
6,1,C:\Users\Public\Videos\videos\1514.mp4,35
6,1,C:\Users\Public\Videos\videos\0191.mp4,36
6,2,C:\Users\Public\Videos\videos\0683.mp4,1
6,2,C:\Users\Public\Videos\videos\1944.mp4,2
6,2,C:\Users\Public\Videos\videos\0813.mp4,3
6,2,C:\Users\Public\Videos\videos\2116.mp4,4
6,2,C:\Users\Public\Videos\videos\2048.mp4,5
6,2,C:\Users\Public\Videos\videos\1176.mp4,6
6,2,C:\Users\Public\Videos\videos\0206.mp4,7
6,2,C:\Users\Public\Videos\videos\1641.mp4,8
6,2,C:\Users\Public\Videos\videos\0087.mp4,9
6,2,C:\Users\Public\Videos\videos\1122.mp4,10
6,2,C:\Users\Public\Videos\videos\0930.mp4,11
6,2,C:\Users\Public\Videos\videos\0543.mp4,12
6,2,C:\Users\Public\Videos\videos\1508.mp4,13
6,2,C:\Users\Public\Videos\videos\0362.mp4,14
6,2,C:\Users\Public\Videos\videos\1275.mp4,15
6,2,C:\Users\Public\Videos\videos\1980.mp4,16
6,2,C:\Users\Public\Videos\videos\1963.mp4,17
6,2,C:\Users\Public\Videos\videos\1151.mp4,18
6,2,C:\Users\Public\Videos\videos\0370.mp4,19
6,2,C:\Users\Public\Videos\videos\0675.mp4,20
6,2,C:\Users\Public\Videos\videos\1391.mp4,21
6,2,C:\Users\Public\Videos\videos\0671.mp4,22
6,2,C:\Users\Public\Videos\videos\0812.mp4,23
6,2,C:\Users\Public\Videos\videos\0593.mp4,24
6,2,C:\Users\Public\Videos\videos\0008.mp4,25
6,2,C:\Users\Public\Videos\videos\0059.mp4,26
6,2,C:\Users\Public\Videos\videos\0978.mp4,27
6,2,C:\Users\Public\Videos\videos\1812.mp4,28
6,2,C:\Users\Public\Videos\videos\1785.mp4,29
6,2,C:\Users\Public\Videos\videos\1758.mp4,30
6,2,C:\Users\Public\Videos\videos\0348.mp4,31
6,2,C:\Users\Public\Videos\videos\0878.mp4,32
6,2,C:\Users\Public\Videos\videos\0048.mp4,33
6,2,C:\Users\Public\Videos\videos\0890.mp4,34
6,2,C:\Users\Public\Videos\videos\1530.mp4,35
6,2,C:\Users\Public\Videos\videos\0897.mp4,36
6,3,C:\Users\Public\Videos\videos\0115.mp4,1
6,3,C:\Users\Public\Videos\videos\1923.mp4,2
6,3,C:\Users\Public\Videos\videos\2106.mp4,3
6,3,C:\Users\Public\Videos\videos\2134.mp4,4
6,3,C:\Users\Public\Videos\videos\1759.mp4,5
6,3,C:\Users\Public\Videos\videos\1307.mp4,6
6,3,C:\Users\Public\Videos\videos\0933.mp4,7
6,3,C:\Users\Public\Videos\videos\0271.mp4,8
6,3,C:\Users\Public\Videos\videos\0383.mp4,9
6,3,C:\Users\Public\Videos\videos\0450.mp4,10
6,3,C:\Users\Public\Videos\videos\1240.mp4,11
6,3,C:\Users\Public\Videos\videos\1461.mp4,12
6,3,C:\Users\Public\Videos\videos\0793.mp4,13
6,3,C:\Users\Public\Videos\videos\1930.mp4,14
6,3,C:\Users\Public\Videos\videos\1569.mp4,15
6,3,C:\Users\Public\Videos\videos\0850.mp4,16
6,3,C:\Users\Public\Videos\videos\1218.mp4,17
6,3,C:\Users\Public\Videos\videos\1881.mp4,18
6,3,C:\Users\Public\Videos\videos\0082.mp4,19
6,3,C:\Users\Public\Videos\videos\0486.mp4,20
6,3,C:\Users\Public\Videos\videos\1460.mp4,21
6,3,C:\Users\Public\Videos\videos\0514.mp4,22
6,3,C:\Users\Public\Videos\videos\0209.mp4,23
6,3,C:\Users\Public\Videos\videos\1088.mp4,24
6,3,C:\Users\Public\Videos\videos\0193.mp4,25
6,3,C:\Users\Public\Videos\videos\0443.mp4,26
6,3,C:\Users\Public\Videos\videos\2015.mp4,27
6,3,C:\Users\Public\Videos\videos\0027.mp4,28
6,3,C:\Users\Public\Videos\videos\2098.mp4,29
6,3,C:\Users\Public\Videos\videos\0691.mp4,30
6,3,C:\Users\Public\Videos\videos\1169.mp4,31
6,3,C:\Users\Public\Videos\videos\0754.mp4,32
6,3,C:\Users\Public\Videos\videos\1722.mp4,33
6,3,C:\Users\Public\Videos\videos\0856.mp4,34
6,3,C:\Users\Public\Videos\videos\1400.mp4,35
6,3,C:\Users\Public\Videos\videos\1913.mp4,36
6,4,C:\Users\Public\Videos\videos\1986.mp4,1
6,4,C:\Users\Public\Videos\videos\1255.mp4,2
6,4,C:\Users\Public\Videos\videos\1860.mp4,3
6,4,C:\Users\Public\Videos\videos\1288.mp4,4
6,4,C:\Users\Public\Videos\videos\0052.mp4,5
6,4,C:\Users\Public\Videos\videos\1441.mp4,6
6,4,C:\Users\Public\Videos\videos\0054.mp4,7
6,4,C:\Users\Public\Videos\videos\1827.mp4,8
6,4,C:\Users\Public\Videos\videos\0239.mp4,9
6,4,C:\Users\Public\Videos\videos\0549.mp4,10
6,4,C:\Users\Public\Videos\videos\0168.mp4,11
6,4,C:\Users\Public\Videos\videos\1339.mp4,12
6,4,C:\Users\Public\Videos\videos\0848.mp4,13
6,4,C:\Users\Public\Videos\videos\1343.mp4,14
6,4,C:\Users\Public\Videos\videos\1589.mp4,15
6,4,C:\Users\Public\Videos\videos\0587.mp4,16
6,4,C:\Users\Public\Videos\videos\1636.mp4,17
6,4,C:\Users\Public\Videos\videos\1454.mp4,18
6,4,C:\Users\Public\Videos\videos\1581.mp4,19
6,4,C:\Users\Public\Videos\videos\1281.mp4,20
6,4,C:\Users\Public\Videos\videos\0445.mp4,21
6,4,C:\Users\Public\Videos\videos\1316.mp4,22
6,4,C:\Users\Public\Videos\videos\0439.mp4,23
6,4,C:\Users\Public\Videos\videos\0741.mp4,24
6,4,C:\Users\Public\Videos\videos\1513.mp4,25
6,4,C:\Users\Public\Videos\videos\1472.mp4,26
6,4,C:\Users\Public\Videos\videos\1124.mp4,27
6,4,C:\Users\Public\Videos\videos\1110.mp4,28
6,4,C:\Users\Public\Videos\videos\0804.mp4,29
6,4,C:\Users\Public\Videos\videos\2109.mp4,30
6,4,C:\Users\Public\Videos\videos\1297.mp4,31
6,4,C:\Users\Public\Videos\videos\1905.mp4,32
6,4,C:\Users\Public\Videos\videos\1609.mp4,33
6,4,C:\Users\Public\Videos\videos\1638.mp4,34
6,4,C:\Users\Public\Videos\videos\2160.mp4,35
6,4,C:\Users\Public\Videos\videos\1273.mp4,36
6,5,C:\Users\Public\Videos\videos\0092.mp4,1
6,5,C:\Users\Public\Videos\videos\0669.mp4,2
6,5,C:\Users\Public\Videos\videos\1133.mp4,3
6,5,C:\Users\Public\Videos\videos\1825.mp4,4
6,5,C:\Users\Public\Videos\videos\0916.mp4,5
6,5,C:\Users\Public\Videos\videos\0681.mp4,6
6,5,C:\Users\Public\Videos\videos\2060.mp4,7
6,5,C:\Users\Public\Videos\videos\1086.mp4,8
6,5,C:\Users\Public\Videos\videos\0966.mp4,9
6,5,C:\Users\Public\Videos\videos\0444.mp4,10
6,5,C:\Users\Public\Videos\videos\2185.mp4,11
6,5,C:\Users\Public\Videos\videos\0451.mp4,12
6,5,C:\Users\Public\Videos\videos\0222.mp4,13
6,5,C:\Users\Public\Videos\videos\1596.mp4,14
6,5,C:\Users\Public\Videos\videos\1565.mp4,15
6,5,C:\Users\Public\Videos\videos\0541.mp4,16
6,5,C:\Users\Public\Videos\videos\1320.mp4,17
6,5,C:\Users\Public\Videos\videos\1354.mp4,18
6,5,C:\Users\Public\Videos\videos\0007.mp4,19
6,5,C:\Users\Public\Videos\videos\1781.mp4,20
6,5,C:\Users\Public\Videos\videos\1310.mp4,21
6,5,C:\Users\Public\Videos\videos\0378.mp4,22
6,5,C:\Users\Public\Videos\videos\2070.mp4,23
6,5,C:\Users\Public\Videos\videos\1958.mp4,24
6,5,C:\Users\Public\Videos\videos\0334.mp4,25
6,5,C:\Users\Public\Videos\videos\1108.mp4,26
6,5,C:\Users\Public\Videos\videos\1666.mp4,27
6,5,C:\Users\Public\Videos\videos\0726.mp4,28
6,5,C:\Users\Public\Videos\videos\1112.mp4,29
6,5,C:\Users\Public\Videos\videos\0530.mp4,30
6,5,C:\Users\Public\Videos\videos\1420.mp4,31
6,5,C:\Users\Public\Videos\videos\0734.mp4,32
6,5,C:\Users\Public\Videos\videos\1529.mp4,33
6,5,C:\Users\Public\Videos\videos\0089.mp4,34
6,5,C:\Users\Public\Videos\videos\1379.mp4,35
6,5,C:\Users\Public\Videos\videos\0972.mp4,36
6,6,C:\Users\Public\Videos\videos\0920.mp4,1
6,6,C:\Users\Public\Videos\videos\1280.mp4,2
6,6,C:\Users\Public\Videos\videos\0585.mp4,3
6,6,C:\Users\Public\Videos\videos\1594.mp4,4
6,6,C:\Users\Public\Videos\videos\1893.mp4,5
6,6,C:\Users\Public\Videos\videos\1627.mp4,6
6,6,C:\Users\Public\Videos\videos\0461.mp4,7
6,6,C:\Users\Public\Videos\videos\1984.mp4,8
6,6,C:\Users\Public\Videos\videos\0731.mp4,9
6,6,C:\Users\Public\Videos\videos\1414.mp4,10
6,6,C:\Users\Public\Videos\videos\0599.mp4,11
6,6,C:\Users\Public\Videos\videos\0085.mp4,12
6,6,C:\Users\Public\Videos\videos\1926.mp4,13
6,6,C:\Users\Public\Videos\videos\0918.mp4,14
6,6,C:\Users\Public\Videos\videos\0303.mp4,15
6,6,C:\Users\Public\Videos\videos\1459.mp4,16
6,6,C:\Users\Public\Videos\videos\0962.mp4,17
6,6,C:\Users\Public\Videos\videos\0184.mp4,18
6,6,C:\Users\Public\Videos\videos\0662.mp4,19
6,6,C:\Users\Public\Videos\videos\0252.mp4,20
6,6,C:\Users\Public\Videos\videos\0079.mp4,21
6,6,C:\Users\Public\Videos\videos\0968.mp4,22
6,6,C:\Users\Public\Videos\videos\1855.mp4,23
6,6,C:\Users\Public\Videos\videos\1378.mp4,24
6,6,C:\Users\Public\Videos\videos\0800.mp4,25
6,6,C:\Users\Public\Videos\videos\1807.mp4,26
6,6,C:\Users\Public\Videos\videos\1523.mp4,27
6,6,C:\Users\Public\Videos\videos\2045.mp4,28
6,6,C:\Users\Public\Videos\videos\0710.mp4,29
6,6,C:\Users\Public\Videos\videos\2051.mp4,30
6,6,C:\Users\Public\Videos\videos\1510.mp4,31
6,6,C:\Users\Public\Videos\videos\0919.mp4,32
6,6,C:\Users\Public\Videos\videos\1655.mp4,33
6,6,C:\Users\Public\Videos\videos\0360.mp4,34
6,6,C:\Users\Public\Videos\videos\0116.mp4,35
6,6,C:\Users\Public\Videos\videos\0797.mp4,36
6,7,C:\Users\Public\Videos\videos\1645.mp4,1
6,7,C:\Users\Public\Videos\videos\0781.mp4,2
6,7,C:\Users\Public\Videos\videos\0528.mp4,3
6,7,C:\Users\Public\Videos\videos\0105.mp4,4
6,7,C:\Users\Public\Videos\videos\0872.mp4,5
6,7,C:\Users\Public\Videos\videos\0283.mp4,6
6,7,C:\Users\Public\Videos\videos\1900.mp4,7
6,7,C:\Users\Public\Videos\videos\2124.mp4,8
6,7,C:\Users\Public\Videos\videos\1599.mp4,9
6,7,C:\Users\Public\Videos\videos\0045.mp4,10
6,7,C:\Users\Public\Videos\videos\0876.mp4,11
6,7,C:\Users\Public\Videos\videos\1978.mp4,12
6,7,C:\Users\Public\Videos\videos\1920.mp4,13
6,7,C:\Users\Public\Videos\videos\0161.mp4,14
6,7,C:\Users\Public\Videos\videos\0657.mp4,15
6,7,C:\Users\Public\Videos\videos\1168.mp4,16
6,7,C:\Users\Public\Videos\videos\0366.mp4,17
6,7,C:\Users\Public\Videos\videos\0604.mp4,18
6,7,C:\Users\Public\Videos\videos\2105.mp4,19
6,7,C:\Users\Public\Videos\videos\0123.mp4,20
6,7,C:\Users\Public\Videos\videos\1277.mp4,21
6,7,C:\Users\Public\Videos\videos\0839.mp4,22
6,7,C:\Users\Public\Videos\videos\1972.mp4,23
6,7,C:\Users\Public\Videos\videos\1916.mp4,24
6,7,C:\Users\Public\Videos\videos\0300.mp4,25
6,7,C:\Users\Public\Videos\videos\1397.mp4,26
6,7,C:\Users\Public\Videos\videos\0396.mp4,27
6,7,C:\Users\Public\Videos\videos\0031.mp4,28
6,7,C:\Users\Public\Videos\videos\0752.mp4,29
6,7,C:\Users\Public\Videos\videos\0403.mp4,30
6,7,C:\Users\Public\Videos\videos\1721.mp4,31
6,7,C:\Users\Public\Videos\videos\0998.mp4,32
6,7,C:\Users\Public\Videos\videos\1152.mp4,33
6,7,C:\Users\Public\Videos\videos\0832.mp4,34
6,7,C:\Users\Public\Videos\videos\2085.mp4,35
6,7,C:\Users\Public\Videos\videos\1896.mp4,36
6,8,C:\Users\Public\Videos\videos\0817.mp4,1
6,8,C:\Users\Public\Videos\videos\1776.mp4,2
6,8,C:\Users\Public\Videos\videos\1682.mp4,3
6,8,C:\Users\Public\Videos\videos\1202.mp4,4
6,8,C:\Users\Public\Videos\videos\0535.mp4,5
6,8,C:\Users\Public\Videos\videos\0959.mp4,6
6,8,C:\Users\Public\Videos\videos\0659.mp4,7
6,8,C:\Users\Public\Videos\videos\2187.mp4,8
6,8,C:\Users\Public\Videos\videos\0757.mp4,9
6,8,C:\Users\Public\Videos\videos\0340.mp4,10
6,8,C:\Users\Public\Videos\videos\0651.mp4,11
6,8,C:\Users\Public\Videos\videos\0329.mp4,12
6,8,C:\Users\Public\Videos\videos\0269.mp4,13
6,8,C:\Users\Public\Videos\videos\0892.mp4,14
6,8,C:\Users\Public\Videos\videos\1859.mp4,15
6,8,C:\Users\Public\Videos\videos\1935.mp4,16
6,8,C:\Users\Public\Videos\videos\1262.mp4,17
6,8,C:\Users\Public\Videos\videos\1629.mp4,18
6,8,C:\Users\Public\Videos\videos\1209.mp4,19
6,8,C:\Users\Public\Videos\videos\2093.mp4,20
6,8,C:\Users\Public\Videos\videos\0616.mp4,21
6,8,C:\Users\Public\Videos\videos\1355.mp4,22
6,8,C:\Users\Public\Videos\videos\1674.mp4,23
6,8,C:\Users\Public\Videos\videos\0457.mp4,24
6,8,C:\Users\Public\Videos\videos\0455.mp4,25
6,8,C:\Users\Public\Videos\videos\0371.mp4,26
6,8,C:\Users\Public\Videos\videos\0863.mp4,27
6,8,C:\Users\Public\Videos\videos\1755.mp4,28
6,8,C:\Users\Public\Videos\videos\0692.mp4,29
6,8,C:\Users\Public\Videos\videos\0404.mp4,30
6,8,C:\Users\Public\Videos\videos\0357.mp4,31
6,8,C:\Users\Public\Videos\videos\0382.mp4,32
6,8,C:\Users\Public\Videos\videos\0733.mp4,33
6,8,C:\Users\Public\Videos\videos\0130.mp4,34
6,8,C:\Users\Public\Videos\videos\1891.mp4,35
6,8,C:\Users\Public\Videos\videos\0491.mp4,36
7,1,C:\Users\Public\Videos\videos\2035.mp4,1
7,1,C:\Users\Public\Videos\videos\1063.mp4,2
7,1,C:\Users\Public\Videos\videos\0790.mp4,3
7,1,C:\Users\Public\Videos\videos\1821.mp4,4
7,1,C:\Users\Public\Videos\videos\0516.mp4,5
7,1,C:\Users\Public\Videos\videos\1304.mp4,6
7,1,C:\Users\Public\Videos\videos\1269.mp4,7
7,1,C:\Users\Public\Videos\videos\0672.mp4,8
7,1,C:\Users\Public\Videos\videos\2131.mp4,9
7,1,C:\Users\Public\Videos\videos\0512.mp4,10
7,1,C:\Users\Public\Videos\videos\0071.mp4,11
7,1,C:\Users\Public\Videos\videos\0323.mp4,12
7,1,C:\Users\Public\Videos\videos\0646.mp4,13
7,1,C:\Users\Public\Videos\videos\1766.mp4,14
7,1,C:\Users\Public\Videos\videos\1805.mp4,15
7,1,C:\Users\Public\Videos\videos\1388.mp4,16
7,1,C:\Users\Public\Videos\videos\0911.mp4,17
7,1,C:\Users\Public\Videos\videos\2027.mp4,18
7,1,C:\Users\Public\Videos\videos\1687.mp4,19
7,1,C:\Users\Public\Videos\videos\0254.mp4,20
7,1,C:\Users\Public\Videos\videos\0268.mp4,21
7,1,C:\Users\Public\Videos\videos\2129.mp4,22
7,1,C:\Users\Public\Videos\videos\0871.mp4,23
7,1,C:\Users\Public\Videos\videos\2138.mp4,24
7,1,C:\Users\Public\Videos\videos\0107.mp4,25
7,1,C:\Users\Public\Videos\videos\1457.mp4,26
7,1,C:\Users\Public\Videos\videos\1099.mp4,27
7,1,C:\Users\Public\Videos\videos\0442.mp4,28
7,1,C:\Users\Public\Videos\videos\1061.mp4,29
7,1,C:\Users\Public\Videos\videos\0519.mp4,30
7,1,C:\Users\Public\Videos\videos\0899.mp4,31
7,1,C:\Users\Public\Videos\videos\1439.mp4,32
7,1,C:\Users\Public\Videos\videos\0502.mp4,33
7,1,C:\Users\Public\Videos\videos\0315.mp4,34
7,1,C:\Users\Public\Videos\videos\1560.mp4,35
7,1,C:\Users\Public\Videos\videos\1804.mp4,36
7,2,C:\Users\Public\Videos\videos\0321.mp4,1
7,2,C:\Users\Public\Videos\videos\0748.mp4,2
7,2,C:\Users\Public\Videos\videos\0849.mp4,3
7,2,C:\Users\Public\Videos\videos\0169.mp4,4
7,2,C:\Users\Public\Videos\videos\1224.mp4,5
7,2,C:\Users\Public\Videos\videos\0723.mp4,6
7,2,C:\Users\Public\Videos\videos\1483.mp4,7
7,2,C:\Users\Public\Videos\videos\1572.mp4,8
7,2,C:\Users\Public\Videos\videos\1005.mp4,9
7,2,C:\Users\Public\Videos\videos\1217.mp4,10
7,2,C:\Users\Public\Videos\videos\1092.mp4,11
7,2,C:\Users\Public\Videos\videos\1933.mp4,12
7,2,C:\Users\Public\Videos\videos\1182.mp4,13
7,2,C:\Users\Public\Videos\videos\0799.mp4,14
7,2,C:\Users\Public\Videos\videos\0124.mp4,15
7,2,C:\Users\Public\Videos\videos\0769.mp4,16
7,2,C:\Users\Public\Videos\videos\1479.mp4,17
7,2,C:\Users\Public\Videos\videos\1239.mp4,18
7,2,C:\Users\Public\Videos\videos\0602.mp4,19
7,2,C:\Users\Public\Videos\videos\1621.mp4,20
7,2,C:\Users\Public\Videos\videos\1344.mp4,21
7,2,C:\Users\Public\Videos\videos\0304.mp4,22
7,2,C:\Users\Public\Videos\videos\0722.mp4,23
7,2,C:\Users\Public\Videos\videos\0682.mp4,24
7,2,C:\Users\Public\Videos\videos\0080.mp4,25
7,2,C:\Users\Public\Videos\videos\0661.mp4,26
7,2,C:\Users\Public\Videos\videos\0248.mp4,27
7,2,C:\Users\Public\Videos\videos\1117.mp4,28
7,2,C:\Users\Public\Videos\videos\1938.mp4,29
7,2,C:\Users\Public\Videos\videos\0150.mp4,30
7,2,C:\Users\Public\Videos\videos\1191.mp4,31
7,2,C:\Users\Public\Videos\videos\2049.mp4,32
7,2,C:\Users\Public\Videos\videos\1877.mp4,33
7,2,C:\Users\Public\Videos\videos\1261.mp4,34
7,2,C:\Users\Public\Videos\videos\1425.mp4,35
7,2,C:\Users\Public\Videos\videos\0655.mp4,36
7,3,C:\Users\Public\Videos\videos\1577.mp4,1
7,3,C:\Users\Public\Videos\videos\0842.mp4,2
7,3,C:\Users\Public\Videos\videos\2079.mp4,3
7,3,C:\Users\Public\Videos\videos\1107.mp4,4
7,3,C:\Users\Public\Videos\videos\1206.mp4,5
7,3,C:\Users\Public\Videos\videos\1680.mp4,6
7,3,C:\Users\Public\Videos\videos\0158.mp4,7
7,3,C:\Users\Public\Videos\videos\1264.mp4,8
7,3,C:\Users\Public\Videos\videos\0135.mp4,9
7,3,C:\Users\Public\Videos\videos\0065.mp4,10
7,3,C:\Users\Public\Videos\videos\2067.mp4,11
7,3,C:\Users\Public\Videos\videos\1987.mp4,12
7,3,C:\Users\Public\Videos\videos\0885.mp4,13
7,3,C:\Users\Public\Videos\videos\1746.mp4,14
7,3,C:\Users\Public\Videos\videos\0376.mp4,15
7,3,C:\Users\Public\Videos\videos\0246.mp4,16
7,3,C:\Users\Public\Videos\videos\2117.mp4,17
7,3,C:\Users\Public\Videos\videos\1055.mp4,18
7,3,C:\Users\Public\Videos\videos\1382.mp4,19
7,3,C:\Users\Public\Videos\videos\0464.mp4,20
7,3,C:\Users\Public\Videos\videos\0056.mp4,21
7,3,C:\Users\Public\Videos\videos\1943.mp4,22
7,3,C:\Users\Public\Videos\videos\2111.mp4,23
7,3,C:\Users\Public\Videos\videos\0392.mp4,24
7,3,C:\Users\Public\Videos\videos\0040.mp4,25
7,3,C:\Users\Public\Videos\videos\0776.mp4,26
7,3,C:\Users\Public\Videos\videos\0126.mp4,27
7,3,C:\Users\Public\Videos\videos\0101.mp4,28
7,3,C:\Users\Public\Videos\videos\0385.mp4,29
7,3,C:\Users\Public\Videos\videos\1846.mp4,30
7,3,C:\Users\Public\Videos\videos\0843.mp4,31
7,3,C:\Users\Public\Videos\videos\0422.mp4,32
7,3,C:\Users\Public\Videos\videos\1067.mp4,33
7,3,C:\Users\Public\Videos\videos\1709.mp4,34
7,3,C:\Users\Public\Videos\videos\0931.mp4,35
7,3,C:\Users\Public\Videos\videos\0958.mp4,36
7,4,C:\Users\Public\Videos\videos\2030.mp4,1
7,4,C:\Users\Public\Videos\videos\0818.mp4,2
7,4,C:\Users\Public\Videos\videos\1748.mp4,3
7,4,C:\Users\Public\Videos\videos\1711.mp4,4
7,4,C:\Users\Public\Videos\videos\2011.mp4,5
7,4,C:\Users\Public\Videos\videos\2136.mp4,6
7,4,C:\Users\Public\Videos\videos\1340.mp4,7
7,4,C:\Users\Public\Videos\videos\1260.mp4,8
7,4,C:\Users\Public\Videos\videos\2055.mp4,9
7,4,C:\Users\Public\Videos\videos\0171.mp4,10
7,4,C:\Users\Public\Videos\videos\0240.mp4,11
7,4,C:\Users\Public\Videos\videos\1030.mp4,12
7,4,C:\Users\Public\Videos\videos\1064.mp4,13
7,4,C:\Users\Public\Videos\videos\1136.mp4,14
7,4,C:\Users\Public\Videos\videos\1024.mp4,15
7,4,C:\Users\Public\Videos\videos\0489.mp4,16
7,4,C:\Users\Public\Videos\videos\1845.mp4,17
7,4,C:\Users\Public\Videos\videos\1341.mp4,18
7,4,C:\Users\Public\Videos\videos\1213.mp4,19
7,4,C:\Users\Public\Videos\videos\0949.mp4,20
7,4,C:\Users\Public\Videos\videos\0391.mp4,21
7,4,C:\Users\Public\Videos\videos\0950.mp4,22
7,4,C:\Users\Public\Videos\videos\1549.mp4,23
7,4,C:\Users\Public\Videos\videos\0991.mp4,24
7,4,C:\Users\Public\Videos\videos\0589.mp4,25
7,4,C:\Users\Public\Videos\videos\2057.mp4,26
7,4,C:\Users\Public\Videos\videos\0915.mp4,27
7,4,C:\Users\Public\Videos\videos\0411.mp4,28
7,4,C:\Users\Public\Videos\videos\2069.mp4,29
7,4,C:\Users\Public\Videos\videos\1489.mp4,30
7,4,C:\Users\Public\Videos\videos\1705.mp4,31
7,4,C:\Users\Public\Videos\videos\2120.mp4,32
7,4,C:\Users\Public\Videos\videos\0961.mp4,33
7,4,C:\Users\Public\Videos\videos\1960.mp4,34
7,4,C:\Users\Public\Videos\videos\1103.mp4,35
7,4,C:\Users\Public\Videos\videos\0861.mp4,36
7,5,C:\Users\Public\Videos\videos\0448.mp4,1
7,5,C:\Users\Public\Videos\videos\0091.mp4,2
7,5,C:\Users\Public\Videos\videos\1478.mp4,3
7,5,C:\Users\Public\Videos\videos\0628.mp4,4
7,5,C:\Users\Public\Videos\videos\1971.mp4,5
7,5,C:\Users\Public\Videos\videos\1536.mp4,6
7,5,C:\Users\Public\Videos\videos\1325.mp4,7
7,5,C:\Users\Public\Videos\videos\0270.mp4,8
7,5,C:\Users\Public\Videos\videos\0709.mp4,9
7,5,C:\Users\Public\Videos\videos\0834.mp4,10
7,5,C:\Users\Public\Videos\videos\0163.mp4,11
7,5,C:\Users\Public\Videos\videos\1632.mp4,12
7,5,C:\Users\Public\Videos\videos\1955.mp4,13
7,5,C:\Users\Public\Videos\videos\0233.mp4,14
7,5,C:\Users\Public\Videos\videos\1623.mp4,15
7,5,C:\Users\Public\Videos\videos\1130.mp4,16
7,5,C:\Users\Public\Videos\videos\2046.mp4,17
7,5,C:\Users\Public\Videos\videos\0566.mp4,18
7,5,C:\Users\Public\Videos\videos\0712.mp4,19
7,5,C:\Users\Public\Videos\videos\0822.mp4,20
7,5,C:\Users\Public\Videos\videos\2154.mp4,21
7,5,C:\Users\Public\Videos\videos\1570.mp4,22
7,5,C:\Users\Public\Videos\videos\1743.mp4,23
7,5,C:\Users\Public\Videos\videos\0588.mp4,24
7,5,C:\Users\Public\Videos\videos\0249.mp4,25
7,5,C:\Users\Public\Videos\videos\0128.mp4,26
7,5,C:\Users\Public\Videos\videos\1928.mp4,27
7,5,C:\Users\Public\Videos\videos\1241.mp4,28
7,5,C:\Users\Public\Videos\videos\0316.mp4,29
7,5,C:\Users\Public\Videos\videos\0612.mp4,30
7,5,C:\Users\Public\Videos\videos\0689.mp4,31
7,5,C:\Users\Public\Videos\videos\0296.mp4,32
7,5,C:\Users\Public\Videos\videos\2173.mp4,33
7,5,C:\Users\Public\Videos\videos\0407.mp4,34
7,5,C:\Users\Public\Videos\videos\0496.mp4,35
7,5,C:\Users\Public\Videos\videos\1334.mp4,36
7,6,C:\Users\Public\Videos\videos\1701.mp4,1
7,6,C:\Users\Public\Videos\videos\0967.mp4,2
7,6,C:\Users\Public\Videos\videos\1618.mp4,3
7,6,C:\Users\Public\Videos\videos\0510.mp4,4
7,6,C:\Users\Public\Videos\videos\1547.mp4,5
7,6,C:\Users\Public\Videos\videos\1066.mp4,6
7,6,C:\Users\Public\Videos\videos\1041.mp4,7
7,6,C:\Users\Public\Videos\videos\1562.mp4,8
7,6,C:\Users\Public\Videos\videos\0923.mp4,9
7,6,C:\Users\Public\Videos\videos\1883.mp4,10
7,6,C:\Users\Public\Videos\videos\0913.mp4,11
7,6,C:\Users\Public\Videos\videos\1996.mp4,12
7,6,C:\Users\Public\Videos\videos\1028.mp4,13
7,6,C:\Users\Public\Videos\videos\2183.mp4,14
7,6,C:\Users\Public\Videos\videos\0866.mp4,15
7,6,C:\Users\Public\Videos\videos\1940.mp4,16
7,6,C:\Users\Public\Videos\videos\1156.mp4,17
7,6,C:\Users\Public\Videos\videos\1116.mp4,18
7,6,C:\Users\Public\Videos\videos\2146.mp4,19
7,6,C:\Users\Public\Videos\videos\1862.mp4,20
7,6,C:\Users\Public\Videos\videos\1584.mp4,21
7,6,C:\Users\Public\Videos\videos\1109.mp4,22
7,6,C:\Users\Public\Videos\videos\1820.mp4,23
7,6,C:\Users\Public\Videos\videos\1232.mp4,24
7,6,C:\Users\Public\Videos\videos\1595.mp4,25
7,6,C:\Users\Public\Videos\videos\0291.mp4,26
7,6,C:\Users\Public\Videos\videos\1602.mp4,27
7,6,C:\Users\Public\Videos\videos\1234.mp4,28
7,6,C:\Users\Public\Videos\videos\0424.mp4,29
7,6,C:\Users\Public\Videos\videos\0221.mp4,30
7,6,C:\Users\Public\Videos\videos\1362.mp4,31
7,6,C:\Users\Public\Videos\videos\1359.mp4,32
7,6,C:\Users\Public\Videos\videos\0740.mp4,33
7,6,C:\Users\Public\Videos\videos\1114.mp4,34
7,6,C:\Users\Public\Videos\videos\0613.mp4,35
7,6,C:\Users\Public\Videos\videos\1768.mp4,36
7,7,C:\Users\Public\Videos\videos\1754.mp4,1
7,7,C:\Users\Public\Videos\videos\0956.mp4,2
7,7,C:\Users\Public\Videos\videos\1643.mp4,3
7,7,C:\Users\Public\Videos\videos\0864.mp4,4
7,7,C:\Users\Public\Videos\videos\0074.mp4,5
7,7,C:\Users\Public\Videos\videos\1427.mp4,6
7,7,C:\Users\Public\Videos\videos\1539.mp4,7
7,7,C:\Users\Public\Videos\videos\1884.mp4,8
7,7,C:\Users\Public\Videos\videos\1431.mp4,9
7,7,C:\Users\Public\Videos\videos\0414.mp4,10
7,7,C:\Users\Public\Videos\videos\2107.mp4,11
7,7,C:\Users\Public\Videos\videos\1989.mp4,12
7,7,C:\Users\Public\Videos\videos\1630.mp4,13
7,7,C:\Users\Public\Videos\videos\1254.mp4,14
7,7,C:\Users\Public\Videos\videos\0263.mp4,15
7,7,C:\Users\Public\Videos\videos\1511.mp4,16
7,7,C:\Users\Public\Videos\videos\0351.mp4,17
7,7,C:\Users\Public\Videos\videos\0331.mp4,18
7,7,C:\Users\Public\Videos\videos\1032.mp4,19
7,7,C:\Users\Public\Videos\videos\1532.mp4,20
7,7,C:\Users\Public\Videos\videos\0289.mp4,21
7,7,C:\Users\Public\Videos\videos\0788.mp4,22
7,7,C:\Users\Public\Videos\videos\1593.mp4,23
7,7,C:\Users\Public\Videos\videos\0306.mp4,24
7,7,C:\Users\Public\Videos\videos\0879.mp4,25
7,7,C:\Users\Public\Videos\videos\1358.mp4,26
7,7,C:\Users\Public\Videos\videos\0122.mp4,27
7,7,C:\Users\Public\Videos\videos\0778.mp4,28
7,7,C:\Users\Public\Videos\videos\1089.mp4,29
7,7,C:\Users\Public\Videos\videos\1906.mp4,30
7,7,C:\Users\Public\Videos\videos\2009.mp4,31
7,7,C:\Users\Public\Videos\videos\1999.mp4,32
7,7,C:\Users\Public\Videos\videos\1548.mp4,33
7,7,C:\Users\Public\Videos\videos\1740.mp4,34
7,7,C:\Users\Public\Videos\videos\2100.mp4,35
7,7,C:\Users\Public\Videos\videos\1376.mp4,36
7,8,C:\Users\Public\Videos\videos\1541.mp4,1
7,8,C:\Users\Public\Videos\videos\2148.mp4,2
7,8,C:\Users\Public\Videos\videos\2188.mp4,3
7,8,C:\Users\Public\Videos\videos\2178.mp4,4
7,8,C:\Users\Public\Videos\videos\0100.mp4,5
7,8,C:\Users\Public\Videos\videos\1648.mp4,6
7,8,C:\Users\Public\Videos\videos\1524.mp4,7
7,8,C:\Users\Public\Videos\videos\1465.mp4,8
7,8,C:\Users\Public\Videos\videos\0907.mp4,9
7,8,C:\Users\Public\Videos\videos\0704.mp4,10
7,8,C:\Users\Public\Videos\videos\0237.mp4,11
7,8,C:\Users\Public\Videos\videos\0438.mp4,12
7,8,C:\Users\Public\Videos\videos\2008.mp4,13
7,8,C:\Users\Public\Videos\videos\1422.mp4,14
7,8,C:\Users\Public\Videos\videos\1007.mp4,15
7,8,C:\Users\Public\Videos\videos\1622.mp4,16
7,8,C:\Users\Public\Videos\videos\1283.mp4,17
7,8,C:\Users\Public\Videos\videos\1208.mp4,18
7,8,C:\Users\Public\Videos\videos\0773.mp4,19
7,8,C:\Users\Public\Videos\videos\1163.mp4,20
7,8,C:\Users\Public\Videos\videos\1311.mp4,21
7,8,C:\Users\Public\Videos\videos\0078.mp4,22
7,8,C:\Users\Public\Videos\videos\1836.mp4,23
7,8,C:\Users\Public\Videos\videos\1872.mp4,24
7,8,C:\Users\Public\Videos\videos\1180.mp4,25
7,8,C:\Users\Public\Videos\videos\0925.mp4,26
7,8,C:\Users\Public\Videos\videos\1951.mp4,27
7,8,C:\Users\Public\Videos\videos\1752.mp4,28
7,8,C:\Users\Public\Videos\videos\1506.mp4,29
7,8,C:\Users\Public\Videos\videos\2155.mp4,30
7,8,C:\Users\Public\Videos\videos\1519.mp4,31
7,8,C:\Users\Public\Videos\videos\0312.mp4,32
7,8,C:\Users\Public\Videos\videos\1582.mp4,33
7,8,C:\Users\Public\Videos\videos\0465.mp4,34
7,8,C:\Users\Public\Videos\videos\0117.mp4,35
7,8,C:\Users\Public\Videos\videos\1139.mp4,36
8,1,C:\Users\Public\Videos\videos\0837.mp4,1
8,1,C:\Users\Public\Videos\videos\2000.mp4,2
8,1,C:\Users\Public\Videos\videos\0245.mp4,3
8,1,C:\Users\Public\Videos\videos\1783.mp4,4
8,1,C:\Users\Public\Videos\videos\0278.mp4,5
8,1,C:\Users\Public\Videos\videos\2090.mp4,6
8,1,C:\Users\Public\Videos\videos\1044.mp4,7
8,1,C:\Users\Public\Videos\videos\0798.mp4,8
8,1,C:\Users\Public\Videos\videos\1410.mp4,9
8,1,C:\Users\Public\Videos\videos\0174.mp4,10
8,1,C:\Users\Public\Videos\videos\1486.mp4,11
8,1,C:\Users\Public\Videos\videos\0440.mp4,12
8,1,C:\Users\Public\Videos\videos\1838.mp4,13
8,1,C:\Users\Public\Videos\videos\1463.mp4,14
8,1,C:\Users\Public\Videos\videos\0642.mp4,15
8,1,C:\Users\Public\Videos\videos\1244.mp4,16
8,1,C:\Users\Public\Videos\videos\0605.mp4,17
8,1,C:\Users\Public\Videos\videos\1727.mp4,18
8,1,C:\Users\Public\Videos\videos\1543.mp4,19
8,1,C:\Users\Public\Videos\videos\0641.mp4,20
8,1,C:\Users\Public\Videos\videos\1167.mp4,21
8,1,C:\Users\Public\Videos\videos\1246.mp4,22
8,1,C:\Users\Public\Videos\videos\2195.mp4,23
8,1,C:\Users\Public\Videos\videos\1380.mp4,24
8,1,C:\Users\Public\Videos\videos\1458.mp4,25
8,1,C:\Users\Public\Videos\videos\1637.mp4,26
8,1,C:\Users\Public\Videos\videos\1438.mp4,27
8,1,C:\Users\Public\Videos\videos\1488.mp4,28
8,1,C:\Users\Public\Videos\videos\0006.mp4,29
8,1,C:\Users\Public\Videos\videos\2078.mp4,30
8,1,C:\Users\Public\Videos\videos\1040.mp4,31
8,1,C:\Users\Public\Videos\videos\1423.mp4,32
8,1,C:\Users\Public\Videos\videos\0026.mp4,33
8,1,C:\Users\Public\Videos\videos\1770.mp4,34
8,1,C:\Users\Public\Videos\videos\2077.mp4,35
8,1,C:\Users\Public\Videos\videos\1718.mp4,36
8,2,C:\Users\Public\Videos\videos\0427.mp4,1
8,2,C:\Users\Public\Videos\videos\0914.mp4,2
8,2,C:\Users\Public\Videos\videos\1278.mp4,3
8,2,C:\Users\Public\Videos\videos\1027.mp4,4
8,2,C:\Users\Public\Videos\videos\0183.mp4,5
8,2,C:\Users\Public\Videos\videos\1921.mp4,6
8,2,C:\Users\Public\Videos\videos\0280.mp4,7
8,2,C:\Users\Public\Videos\videos\0568.mp4,8
8,2,C:\Users\Public\Videos\videos\0758.mp4,9
8,2,C:\Users\Public\Videos\videos\2122.mp4,10
8,2,C:\Users\Public\Videos\videos\0775.mp4,11
8,2,C:\Users\Public\Videos\videos\0019.mp4,12
8,2,C:\Users\Public\Videos\videos\1453.mp4,13
8,2,C:\Users\Public\Videos\videos\0454.mp4,14
8,2,C:\Users\Public\Videos\videos\1628.mp4,15
8,2,C:\Users\Public\Videos\videos\2047.mp4,16
8,2,C:\Users\Public\Videos\videos\0924.mp4,17
8,2,C:\Users\Public\Videos\videos\0156.mp4,18
8,2,C:\Users\Public\Videos\videos\0132.mp4,19
8,2,C:\Users\Public\Videos\videos\0771.mp4,20
8,2,C:\Users\Public\Videos\videos\0719.mp4,21
8,2,C:\Users\Public\Videos\videos\1299.mp4,22
8,2,C:\Users\Public\Videos\videos\1492.mp4,23
8,2,C:\Users\Public\Videos\videos\0600.mp4,24
8,2,C:\Users\Public\Videos\videos\1998.mp4,25
8,2,C:\Users\Public\Videos\videos\1675.mp4,26
8,2,C:\Users\Public\Videos\videos\0436.mp4,27
8,2,C:\Users\Public\Videos\videos\1017.mp4,28
8,2,C:\Users\Public\Videos\videos\0205.mp4,29
8,2,C:\Users\Public\Videos\videos\1957.mp4,30
8,2,C:\Users\Public\Videos\videos\0632.mp4,31
8,2,C:\Users\Public\Videos\videos\0355.mp4,32
8,2,C:\Users\Public\Videos\videos\0909.mp4,33
8,2,C:\Users\Public\Videos\videos\1983.mp4,34
8,2,C:\Users\Public\Videos\videos\1702.mp4,35
8,2,C:\Users\Public\Videos\videos\1817.mp4,36
8,3,C:\Users\Public\Videos\videos\0971.mp4,1
8,3,C:\Users\Public\Videos\videos\1360.mp4,2
8,3,C:\Users\Public\Videos\videos\0199.mp4,3
8,3,C:\Users\Public\Videos\videos\0159.mp4,4
8,3,C:\Users\Public\Videos\videos\0330.mp4,5
8,3,C:\Users\Public\Videos\videos\1695.mp4,6
8,3,C:\Users\Public\Videos\videos\2013.mp4,7
8,3,C:\Users\Public\Videos\videos\1600.mp4,8
8,3,C:\Users\Public\Videos\videos\1481.mp4,9
8,3,C:\Users\Public\Videos\videos\1298.mp4,10
8,3,C:\Users\Public\Videos\videos\0789.mp4,11
8,3,C:\Users\Public\Videos\videos\1497.mp4,12
8,3,C:\Users\Public\Videos\videos\1790.mp4,13
8,3,C:\Users\Public\Videos\videos\1567.mp4,14
8,3,C:\Users\Public\Videos\videos\2150.mp4,15
8,3,C:\Users\Public\Videos\videos\1644.mp4,16
8,3,C:\Users\Public\Videos\videos\0680.mp4,17
8,3,C:\Users\Public\Videos\videos\1888.mp4,18
8,3,C:\Users\Public\Videos\videos\1050.mp4,19
8,3,C:\Users\Public\Videos\videos\0894.mp4,20
8,3,C:\Users\Public\Videos\videos\0342.mp4,21
8,3,C:\Users\Public\Videos\videos\1404.mp4,22
8,3,C:\Users\Public\Videos\videos\1798.mp4,23
8,3,C:\Users\Public\Videos\videos\1042.mp4,24
8,3,C:\Users\Public\Videos\videos\1407.mp4,25
8,3,C:\Users\Public\Videos\videos\1204.mp4,26
8,3,C:\Users\Public\Videos\videos\0295.mp4,27
8,3,C:\Users\Public\Videos\videos\1840.mp4,28
8,3,C:\Users\Public\Videos\videos\1031.mp4,29
8,3,C:\Users\Public\Videos\videos\1199.mp4,30
8,3,C:\Users\Public\Videos\videos\0004.mp4,31
8,3,C:\Users\Public\Videos\videos\0509.mp4,32
8,3,C:\Users\Public\Videos\videos\0073.mp4,33
8,3,C:\Users\Public\Videos\videos\0784.mp4,34
8,3,C:\Users\Public\Videos\videos\1852.mp4,35
8,3,C:\Users\Public\Videos\videos\0795.mp4,36
8,4,C:\Users\Public\Videos\videos\1950.mp4,1
8,4,C:\Users\Public\Videos\videos\0005.mp4,2
8,4,C:\Users\Public\Videos\videos\0339.mp4,3
8,4,C:\Users\Public\Videos\videos\1568.mp4,4
8,4,C:\Users\Public\Videos\videos\1361.mp4,5
8,4,C:\Users\Public\Videos\videos\2096.mp4,6
8,4,C:\Users\Public\Videos\videos\0926.mp4,7
8,4,C:\Users\Public\Videos\videos\1688.mp4,8
8,4,C:\Users\Public\Videos\videos\0293.mp4,9
8,4,C:\Users\Public\Videos\videos\2023.mp4,10
8,4,C:\Users\Public\Videos\videos\1195.mp4,11
8,4,C:\Users\Public\Videos\videos\0198.mp4,12
8,4,C:\Users\Public\Videos\videos\1289.mp4,13
8,4,C:\Users\Public\Videos\videos\1375.mp4,14
8,4,C:\Users\Public\Videos\videos\0459.mp4,15
8,4,C:\Users\Public\Videos\videos\0044.mp4,16
8,4,C:\Users\Public\Videos\videos\1851.mp4,17
8,4,C:\Users\Public\Videos\videos\0787.mp4,18
8,4,C:\Users\Public\Videos\videos\2161.mp4,19
8,4,C:\Users\Public\Videos\videos\1659.mp4,20
8,4,C:\Users\Public\Videos\videos\0667.mp4,21
8,4,C:\Users\Public\Videos\videos\0462.mp4,22
8,4,C:\Users\Public\Videos\videos\0903.mp4,23
8,4,C:\Users\Public\Videos\videos\2012.mp4,24
8,4,C:\Users\Public\Videos\videos\2127.mp4,25
8,4,C:\Users\Public\Videos\videos\0867.mp4,26
8,4,C:\Users\Public\Videos\videos\0860.mp4,27
8,4,C:\Users\Public\Videos\videos\1925.mp4,28
8,4,C:\Users\Public\Videos\videos\2081.mp4,29
8,4,C:\Users\Public\Videos\videos\1553.mp4,30
8,4,C:\Users\Public\Videos\videos\0551.mp4,31
8,4,C:\Users\Public\Videos\videos\1047.mp4,32
8,4,C:\Users\Public\Videos\videos\2088.mp4,33
8,4,C:\Users\Public\Videos\videos\0944.mp4,34
8,4,C:\Users\Public\Videos\videos\1796.mp4,35
8,4,C:\Users\Public\Videos\videos\0635.mp4,36
8,5,C:\Users\Public\Videos\videos\2126.mp4,1
8,5,C:\Users\Public\Videos\videos\0288.mp4,2
8,5,C:\Users\Public\Videos\videos\1468.mp4,3
8,5,C:\Users\Public\Videos\videos\1853.mp4,4
8,5,C:\Users\Public\Videos\videos\1786.mp4,5
8,5,C:\Users\Public\Videos\videos\1200.mp4,6
8,5,C:\Users\Public\Videos\videos\1697.mp4,7
8,5,C:\Users\Public\Videos\videos\1321.mp4,8
8,5,C:\Users\Public\Videos\videos\1173.mp4,9
8,5,C:\Users\Public\Videos\videos\1249.mp4,10
8,5,C:\Users\Public\Videos\videos\1184.mp4,11
8,5,C:\Users\Public\Videos\videos\1037.mp4,12
8,5,C:\Users\Public\Videos\videos\0756.mp4,13
8,5,C:\Users\Public\Videos\videos\0544.mp4,14
8,5,C:\Users\Public\Videos\videos\0394.mp4,15
8,5,C:\Users\Public\Videos\videos\0821.mp4,16
8,5,C:\Users\Public\Videos\videos\0258.mp4,17
8,5,C:\Users\Public\Videos\videos\0618.mp4,18
8,5,C:\Users\Public\Videos\videos\2038.mp4,19
8,5,C:\Users\Public\Videos\videos\2169.mp4,20
8,5,C:\Users\Public\Videos\videos\0373.mp4,21
8,5,C:\Users\Public\Videos\videos\1494.mp4,22
8,5,C:\Users\Public\Videos\videos\0364.mp4,23
8,5,C:\Users\Public\Videos\videos\2050.mp4,24
8,5,C:\Users\Public\Videos\videos\0011.mp4,25
8,5,C:\Users\Public\Videos\videos\1081.mp4,26
8,5,C:\Users\Public\Videos\videos\1834.mp4,27
8,5,C:\Users\Public\Videos\videos\2163.mp4,28
8,5,C:\Users\Public\Videos\videos\0744.mp4,29
8,5,C:\Users\Public\Videos\videos\1946.mp4,30
8,5,C:\Users\Public\Videos\videos\0539.mp4,31
8,5,C:\Users\Public\Videos\videos\0063.mp4,32
8,5,C:\Users\Public\Videos\videos\0294.mp4,33
8,5,C:\Users\Public\Videos\videos\2175.mp4,34
8,5,C:\Users\Public\Videos\videos\0401.mp4,35
8,5,C:\Users\Public\Videos\videos\2101.mp4,36
8,6,C:\Users\Public\Videos\videos\0081.mp4,1
8,6,C:\Users\Public\Videos\videos\0015.mp4,2
8,6,C:\Users\Public\Videos\videos\1192.mp4,3
8,6,C:\Users\Public\Videos\videos\0148.mp4,4
8,6,C:\Users\Public\Videos\videos\1667.mp4,5
8,6,C:\Users\Public\Videos\videos\1791.mp4,6
8,6,C:\Users\Public\Videos\videos\0140.mp4,7
8,6,C:\Users\Public\Videos\videos\1818.mp4,8
8,6,C:\Users\Public\Videos\videos\0515.mp4,9
8,6,C:\Users\Public\Videos\videos\1351.mp4,10
8,6,C:\Users\Public\Videos\videos\1542.mp4,11
8,6,C:\Users\Public\Videos\videos\1172.mp4,12
8,6,C:\Users\Public\Videos\videos\0698.mp4,13
8,6,C:\Users\Public\Videos\videos\1347.mp4,14
8,6,C:\Users\Public\Videos\videos\0273.mp4,15
8,6,C:\Users\Public\Videos\videos\0728.mp4,16
8,6,C:\Users\Public\Videos\videos\1716.mp4,17
8,6,C:\Users\Public\Videos\videos\1016.mp4,18
8,6,C:\Users\Public\Videos\videos\2064.mp4,19
8,6,C:\Users\Public\Videos\videos\0724.mp4,20
8,6,C:\Users\Public\Videos\videos\1941.mp4,21
8,6,C:\Users\Public\Videos\videos\1284.mp4,22
8,6,C:\Users\Public\Videos\videos\1413.mp4,23
8,6,C:\Users\Public\Videos\videos\1495.mp4,24
8,6,C:\Users\Public\Videos\videos\0264.mp4,25
8,6,C:\Users\Public\Videos\videos\1848.mp4,26
8,6,C:\Users\Public\Videos\videos\1760.mp4,27
8,6,C:\Users\Public\Videos\videos\1090.mp4,28
8,6,C:\Users\Public\Videos\videos\1189.mp4,29
8,6,C:\Users\Public\Videos\videos\1087.mp4,30
8,6,C:\Users\Public\Videos\videos\1101.mp4,31
8,6,C:\Users\Public\Videos\videos\1419.mp4,32
8,6,C:\Users\Public\Videos\videos\0155.mp4,33
8,6,C:\Users\Public\Videos\videos\0020.mp4,34
8,6,C:\Users\Public\Videos\videos\0417.mp4,35
8,6,C:\Users\Public\Videos\videos\1563.mp4,36
8,7,C:\Users\Public\Videos\videos\0482.mp4,1
8,7,C:\Users\Public\Videos\videos\1656.mp4,2
8,7,C:\Users\Public\Videos\videos\0708.mp4,3
8,7,C:\Users\Public\Videos\videos\1961.mp4,4
8,7,C:\Users\Public\Videos\videos\0361.mp4,5
8,7,C:\Users\Public\Videos\videos\1728.mp4,6
8,7,C:\Users\Public\Videos\videos\1060.mp4,7
8,7,C:\Users\Public\Videos\videos\0033.mp4,8
8,7,C:\Users\Public\Videos\videos\0262.mp4,9
8,7,C:\Users\Public\Videos\videos\0039.mp4,10
8,7,C:\Users\Public\Videos\videos\0806.mp4,11
8,7,C:\Users\Public\Videos\videos\1399.mp4,12
8,7,C:\Users\Public\Videos\videos\0550.mp4,13
8,7,C:\Users\Public\Videos\videos\0166.mp4,14
8,7,C:\Users\Public\Videos\videos\0374.mp4,15
8,7,C:\Users\Public\Videos\videos\2083.mp4,16
8,7,C:\Users\Public\Videos\videos\1842.mp4,17
8,7,C:\Users\Public\Videos\videos\2065.mp4,18
8,7,C:\Users\Public\Videos\videos\0292.mp4,19
8,7,C:\Users\Public\Videos\videos\1111.mp4,20
8,7,C:\Users\Public\Videos\videos\1876.mp4,21
8,7,C:\Users\Public\Videos\videos\0097.mp4,22
8,7,C:\Users\Public\Videos\videos\1936.mp4,23
8,7,C:\Users\Public\Videos\videos\1551.mp4,24
8,7,C:\Users\Public\Videos\videos\1054.mp4,25
8,7,C:\Users\Public\Videos\videos\0108.mp4,26
8,7,C:\Users\Public\Videos\videos\0881.mp4,27
8,7,C:\Users\Public\Videos\videos\0735.mp4,28
8,7,C:\Users\Public\Videos\videos\0558.mp4,29
8,7,C:\Users\Public\Videos\videos\0313.mp4,30
8,7,C:\Users\Public\Videos\videos\1620.mp4,31
8,7,C:\Users\Public\Videos\videos\0820.mp4,32
8,7,C:\Users\Public\Videos\videos\0182.mp4,33
8,7,C:\Users\Public\Videos\videos\1015.mp4,34
8,7,C:\Users\Public\Videos\videos\0069.mp4,35
8,7,C:\Users\Public\Videos\videos\0631.mp4,36
